IW7,QW0,IW0,MW0
6330,65535,65535,19660
6931,65535,65535,19660
7570,65535,65535,19660
8231,65535,65535,19660
8910,65535,65535,19660
9607,65535,65535,19660
11042,65535,65535,19660
11042,65535,65535,19660
12527,65535,65535,19660
12527,65535,65535,19660
13284,65535,65535,19660
14821,65535,65535,19660
15576,65535,65535,19660
16308,65535,65535,19660
17036,65535,65535,19660
17758,65535,65535,19660
18522,65535,65535,19660
19283,65535,65535,19660
20037,63650,65535,19660
20783,58035,63650,19660
21517,54365,63650,19660
22237,45150,58035,19660
22938,19475,35865,19660
23622,16055,35865,19660
24278,0,0,19660
24911,0,0,19660
25522,0,0,19660
26107,0,0,19660
26666,0,0,19660
27199,0,0,19660
27706,0,0,19660
27766,0,0,19660
27756,0,0,19660
27746,0,0,19660
27736,0,0,19660
27726,0,0,19660
27717,0,0,19660
27707,0,0,19660
27697,0,0,19660
27687,0,0,19660
27677,0,0,19660
27668,0,0,19660
27658,0,0,19660
27648,0,0,19660
27638,0,0,19660
27628,0,0,19660
27619,0,0,19660
27596,0,0,19660
27540,0,0,19660
27455,0,0,19660
27336,0,0,19660
27187,0,0,19660
27005,0,0,19660
26794,0,0,19660
26553,0,0,19660
26284,0,0,19660
25980,0,0,19660
25652,0,0,19660
25294,0,0,19660
24908,0,0,19660
24496,0,0,19660
24056,0,0,19660
23591,0,0,19660
23105,0,0,19660
22595,0,0,19660
22064,0,0,19660
21512,0,0,19660
20940,0,0,19660
20347,0,0,19660
19738,0,0,19660
19113,2735,0,19660
18475,8659,2734,19660
17823,17844,8659,19660
17159,33668,21163,19660
16490,49518,33668,19660
15816,65535,49518,19660
15138,65535,65535,19660
14454,65535,65535,19660
13765,65535,65535,19660
13075,65535,65535,19660
12380,65535,65535,19660
11684,65535,65535,19660
10991,65535,65535,19660
10302,65535,65535,19660
9616,65535,65535,19660
8937,65535,65535,19660
8265,65535,65535,19660
7601,65535,65535,19660
6949,65535,65535,19660
6314,65535,65535,19660
5689,65535,65535,19660
5081,65535,65535,19660
4493,65535,65535,19660
3925,65535,65535,19660
3378,65535,65535,19660
2852,65535,65535,19660
2350,65535,65535,19660
1872,65535,65535,19660
1424,65535,65535,19660
1005,65535,65535,19660
615,65535,65535,19660
254,65535,65535,19660
0,65535,65535,19660
0,65535,65535,19660
0,65535,65535,19660
0,65535,65535,19660
0,65535,65535,19660
0,65535,65535,19660
0,65535,65535,19660
0,65535,65535,19660
0,65535,65535,19660
0,65535,65535,19660
12,65535,65535,19660
63,65535,65535,19660
148,65535,65535,19660
267,65535,65535,19660
420,65535,65535,19660
607,65535,65535,19660
829,65535,65535,19660
1084,65535,65535,19660
1371,65535,65535,19660
1688,65535,65535,19660
2037,65535,65535,19660
2414,65535,65535,19660
2819,65535,65535,19660
3261,65535,65535,19660
3733,65535,65535,19660
4235,65535,65535,19660
4764,65535,65535,19660
5319,65535,65535,19660
5895,65535,65535,19660
6498,65535,65535,19660
7122,65535,65535,19660
7769,65535,65535,19660
8434,65535,65535,19660
9121,65535,65535,19660
9813,65535,65535,19660
10502,65535,65535,19660
11201,65535,65535,19660
11910,65535,65535,19660
12654,65535,65535,19660
13412,65535,65535,19660
14175,65535,65535,19660
14943,65535,65535,19660
15716,65535,65535,19660
16491,65535,65535,19660
17266,65535,65535,19660
18038,65535,65535,19660
18807,65535,65535,19660
19568,65535,65535,19660
20321,62230,65535,19660
21037,55344,62229,19660
21710,45094,55344,19660
22365,31569,45094,19660
23000,14869,31569,19660
23674,0,14869,19660
24323,0,0,19660
24944,0,0,19660
25544,0,0,19660
26121,0,0,19660
26673,0,0,19660
27196,0,0,19660
27647,0,0,19660
27637,0,0,19660
27628,0,0,19660
27618,0,0,19660
27608,0,0,19660
27598,0,0,19660
27589,0,0,19660
27579,0,0,19660
27569,0,0,19660
27559,0,0,19660
27550,0,0,19660
27540,0,0,19660
27530,0,0,19660
27521,0,0,19660
27511,0,0,19660
27501,0,0,19660
27492,0,0,19660
27457,0,0,19660
27388,0,0,19660
27291,0,0,19660
27160,0,0,19660
26999,0,0,19660
26806,0,0,19660
26583,0,0,19660
26331,0,0,19660
26050,0,0,19660
25740,0,0,19660
25400,0,0,19660
25032,0,0,19660
24635,0,0,19660
24213,0,0,19660
23766,0,0,19660
23295,0,0,19660
22799,0,0,19660
22278,0,0,19660
21737,0,0,19660
21176,0,0,19660
20594,0,0,19660
19996,0,0,19660
18751,4545,0,19660
18105,12320,4545,19660
17448,20150,9090,19660
17448,31210,20150,19660
16111,48954,31209,19660
15435,65535,45594,19660
14753,65535,63339,19660
14068,65535,65535,19660
13377,65535,65535,19660
12681,65535,65535,19660
11984,65535,65535,19660
11286,65535,65535,19660
10592,65535,65535,19660
9900,65535,65535,19660
9212,65535,65535,19660
8531,65535,65535,19660
7862,65535,65535,19660
7201,65535,65535,19660
6551,65535,65535,19660
5916,65535,65535,19660
5298,65535,65535,19660
4696,65535,65535,19660
4110,65535,65535,19660
3545,65535,65535,19660
3003,65535,65535,19660
2482,65535,65535,19660
1986,65535,65535,19660
1515,65535,65535,19660
1072,65535,65535,19660
658,65535,65535,19660
274,65535,65535,19660
0,65535,65535,19660
0,65535,65535,19660
0,65535,65535,19660
0,65535,65535,19660
0,65535,65535,19660
0,65535,65535,19660
0,65535,65535,19660
0,65535,65535,19660
0,65535,65535,19660
0,65535,65535,19660
0,65535,65535,19660
21,65535,65535,19660
76,65535,65535,19660
169,65535,65535,19660
296,65535,65535,19660
457,65535,65535,19660
652,65535,65535,19660
881,65535,65535,19660
1141,65535,65535,19660
1434,65535,65535,19660
1762,65535,65535,19660
2120,65535,65535,19660
2513,65535,65535,19660
2936,65535,65535,19660
3390,65535,65535,19660
3865,65535,65535,19660
4363,65535,65535,19660
4884,65535,65535,19660
5428,65535,65535,19660
6011,65535,65535,19660
6617,65535,65535,19660
7244,65535,65535,19660
7894,65535,65535,19660
8561,65535,65535,19660
9246,65535,65535,19660
9949,65535,65535,19660
10666,65535,65535,19660
11396,65535,65535,19660
12140,65535,65535,19660
12887,65535,65535,19660
13613,65535,65535,19660
14339,65535,65535,19660
15067,65535,65535,19660
15822,65535,65535,19660
16594,65535,65535,19660
17368,65535,65535,19660
18138,65535,65535,19660
18904,65535,65535,19660
19663,65520,65535,19660
20414,61750,65520,19660
21158,54259,61749,19660
21889,43114,54259,19660
22601,28408,43113,19660
23298,10218,28408,19660
23972,0,10218,19660
24588,0,0,19660
25140,0,0,19660
25666,0,0,19660
26224,0,0,19660
26771,0,0,19660
27289,0,0,19660
27625,0,0,19660
27616,0,0,19660
27606,0,0,19660
27596,0,0,19660
27587,0,0,19660
27577,0,0,19660
27567,0,0,19660
27558,0,0,19660
27548,0,0,19660
27538,0,0,19660
27529,0,0,19660
27519,0,0,19660
27509,0,0,19660
27500,0,0,19660
27490,0,0,19660
27480,0,0,19660
27471,0,0,19660
27428,0,0,19660
27355,0,0,19660
27249,0,0,19660
27114,0,0,19660
26946,0,0,19660
26748,0,0,19660
26521,0,0,19660
26261,0,0,19660
25972,0,0,19660
25654,0,0,19660
25306,0,0,19660
24934,0,0,19660
24533,0,0,19660
24107,0,0,19660
23657,0,0,19660
23182,0,0,19660
22682,0,0,19660
22158,0,0,19660
21613,0,0,19660
21048,0,0,19660
20463,0,0,19660
19861,0,0,19660
19243,4170,2085,19660
18609,9425,4170,19660
17964,17905,9425,19660
17308,29665,17905,19660
16642,44755,29665,19660
15971,63200,44755,19660
15294,65535,63200,19660
14614,65535,65535,19660
13928,65535,65535,19660
13238,65535,65535,19660
12543,65535,65535,19660
11846,65535,65535,19660
11149,65535,65535,19660
10455,65535,65535,19660
9764,65535,65535,19660
9081,65535,65535,19660
8404,65535,65535,19660
7736,65535,65535,19660
7079,65535,65535,19660
6433,65535,65535,19660
5799,65535,65535,19660
5182,65535,65535,19660
4580,65535,65535,19660
3998,65535,65535,19660
3437,65535,65535,19660
2896,65535,65535,19660
2380,65535,65535,19660
1888,65535,65535,19660
1421,65535,65535,19660
983,65535,65535,19660
573,65535,65535,19660
193,65535,65535,19660
0,65535,65535,19660
0,65535,65535,19660
0,65535,65535,19660
0,65535,65535,19660
0,65535,65535,19660
0,65535,65535,19660
0,65535,65535,19660
0,65535,65535,19660
0,65535,65535,19660
0,65535,65535,19660
0,65535,65535,19660
25,65535,65535,19660
84,65535,65535,19660
181,65535,65535,19660
312,65535,65535,19660
477,65535,65535,19660
677,65535,65535,19660
910,65535,65535,19660
1178,65535,65535,19660
1476,65535,65535,19660
1808,65535,65535,19660
2170,65535,65535,19660
2567,65535,65535,19660
2994,65535,65535,19660
3452,65535,65535,19660
3935,65535,65535,19660
4444,65535,65535,19660
4970,65535,65535,19660
5519,65535,65535,19660
6092,65535,65535,19660
7332,65535,65535,19660
7986,65535,65535,19660
7986,65535,65535,19660
8657,65535,65535,19660
10053,65535,65535,19660
10773,65535,65535,19660
11507,65535,65535,19660
12251,65535,65535,19660
13008,65535,65535,19660
13766,65535,65535,19660
14503,65535,65535,19660
15236,65535,65535,19660
15966,65535,65535,19660
16704,65535,65535,19660
17476,65535,65535,19660
18245,65535,65535,19660
19011,65535,65535,19660
19769,64990,65535,19660
20520,60690,64990,19660
21258,52699,60689,19660
21984,37449,49069,19660
22693,22284,37449,19660
23382,3674,22284,19660
24050,0,3674,19660
24689,0,0,19660
25309,0,0,19660
25902,0,0,19660
26474,0,0,19660
27020,0,0,19660
27537,0,0,19660
27781,0,0,19660
27771,0,0,19660
27762,0,0,19660
27752,0,0,19660
27742,0,0,19660
27732,0,0,19660
27723,0,0,19660
27713,0,0,19660
27703,0,0,19660
27693,0,0,19660
27684,0,0,19660
27674,0,0,19660
27664,0,0,19660
27654,0,0,19660
27645,0,0,19660
27635,0,0,19660
27625,0,0,19660
27582,0,0,19660
27509,0,0,19660
27403,0,0,19660
27267,0,0,19660
27097,0,0,19660
26898,0,0,19660
26670,0,0,19660
26413,0,0,19660
26127,0,0,19660
25810,0,0,19660
25465,0,0,19660
25091,0,0,19660
24692,0,0,19660
24264,0,0,19660
23811,0,0,19660
23333,0,0,19660
22831,0,0,19660
22308,0,0,19660
21764,0,0,19660
21200,0,0,19660
20615,0,0,19660
20014,0,0,19660
19397,2629,1314,19660
18763,7113,2628,19660
18118,14823,7113,19660
17462,25813,14823,19660
16796,40133,25813,19660
16124,57813,40133,19660
15447,65535,57813,19660
14765,65535,65535,19660
14081,65535,65535,19660
13391,65535,65535,19660
12700,65535,65535,19660
12008,65535,65535,19660
11315,65535,65535,19660
10626,65535,65535,19660
9940,65535,65535,19660
9257,65535,65535,19660
8582,65535,65535,19660
7918,65535,65535,19660
7262,65535,65535,19660
6622,65535,65535,19660
5994,65535,65535,19660
5381,65535,65535,19660
4785,65535,65535,19660
4209,65535,65535,19660
3654,65535,65535,19660
3119,65535,65535,19660
2608,65535,65535,19660
2123,65535,65535,19660
1662,65535,65535,19660
1230,65535,65535,19660
828,65535,65535,19660
454,65535,65535,19660
114,65535,65535,19660
0,65535,65535,19660
0,65535,65535,19660
0,65535,65535,19660
0,65535,65535,19660
0,65535,65535,19660
0,65535,65535,19660
0,65535,65535,19660
0,65535,65535,19660
0,65535,65535,19660
0,65535,65535,19660
33,65535,65535,19660
101,65535,65535,19660
207,65535,65535,19660
348,65535,65535,19660
522,65535,65535,19660
731,65535,65535,19660
974,65535,65535,19660
1252,65535,65535,19660
1556,65535,65535,19660
1893,65535,65535,19660
2262,65535,65535,19660
2659,65535,65535,19660
3092,65535,65535,19660
3555,65535,65535,19660
4045,65535,65535,19660
4565,65535,65535,19660
5111,65535,65535,19660
5683,65535,65535,19660
6277,65535,65535,19660
6893,65535,65535,19660
7531,65535,65535,19660
8192,65535,65535,19660
8870,65535,65535,19660
9558,65535,65535,19660
10244,65535,65535,19660
10939,65535,65535,19660
11644,65535,65535,19660
12383,65535,65535,19660
13137,65535,65535,19660
13899,65535,65535,19660
14667,65535,65535,19660
15441,65535,65535,19660
16215,65535,65535,19660
16990,65535,65535,19660
17762,65535,65535,19660
18535,65535,65535,19660
19300,65535,65535,19660
20057,63550,65535,19660
20779,57955,63550,19660
21461,48950,57955,19660
22126,36620,48950,19660
22767,21085,36620,19660
23448,2144,21084,19660
24107,0,2144,19660
24742,0,0,19660
25351,0,0,19660
25938,0,0,19660
26498,0,0,19660
27034,0,0,19660
27543,0,0,19660
27648,0,0,19660
27638,0,0,19660
27629,0,0,19660
27619,0,0,19660
27609,0,0,19660
27599,0,0,19660
27590,0,0,19660
27580,0,0,19660
27570,0,0,19660
27561,0,0,19660
27551,0,0,19660
27541,0,0,19660
27532,0,0,19660
27522,0,0,19660
27513,0,0,19660
27503,0,0,19660
27481,0,0,19660
27429,0,0,19660
27344,0,0,19660
27230,0,0,19660
27082,0,0,19660
26905,0,0,19660
26695,0,0,19660
26455,0,0,19660
26187,0,0,19660
25889,0,0,19660
25562,0,0,19660
24821,0,0,19660
24412,0,0,19660
24412,0,0,19660
23977,0,0,19660
23514,0,0,19660
23031,0,0,19660
22522,0,0,19660
21440,0,0,19660
20870,0,0,19660
20280,0,0,19660
19674,0,0,19660
19051,3045,0,19660
18412,6240,0,19660
17762,18775,9285,19660
17101,22080,9285,19660
16431,47715,31570,19660
15755,65535,47715,19660
15075,65535,65535,19660
14394,65535,65535,19660
13708,65535,65535,19660
13017,65535,65535,19660
12320,65535,65535,19660
11627,65535,65535,19660
10933,65535,65535,19660
10243,65535,65535,19660
9555,65535,65535,19660
8875,65535,65535,19660
8202,65535,65535,19660
7537,65535,65535,19660
6883,65535,65535,19660
6242,65535,65535,19660
5616,65535,65535,19660
5006,65535,65535,19660
4412,65535,65535,19660
3838,65535,65535,19660
3285,65535,65535,19660
2756,65535,65535,19660
2251,65535,65535,19660
1771,65535,65535,19660
1316,65535,65535,19660
890,65535,65535,19660
493,65535,65535,19660
126,65535,65535,19660
0,65535,65535,19660
0,65535,65535,19660
0,65535,65535,19660
0,65535,65535,19660
0,65535,65535,19660
0,65535,65535,19660
0,65535,65535,19660
0,65535,65535,19660
0,65535,65535,19660
0,65535,65535,19660
8,65535,65535,19660
50,65535,65535,19660
126,65535,65535,19660
236,65535,65535,19660
380,65535,65535,19660
558,65535,65535,19660
770,65535,65535,19660
1017,65535,65535,19660
1298,65535,65535,19660
1613,65535,65535,19660
1958,65535,65535,19660
2338,65535,65535,19660
2747,65535,65535,19660
3188,65535,65535,19660
3656,65535,65535,19660
4142,65535,65535,19660
4655,65535,65535,19660
5191,65535,65535,19660
5760,65535,65535,19660
6357,65535,65535,19660
6980,65535,65535,19660
7620,65535,65535,19660
8283,65535,65535,19660
8963,65535,65535,19660
9661,65535,65535,19660
10373,65535,65535,19660
11098,65535,65535,19660
11837,65535,65535,19660
12590,65535,65535,19660
13344,65535,65535,19660
14073,65535,65535,19660
14803,65535,65535,19660
15534,65535,65535,19660
16294,65535,65535,19660
17067,65535,65535,19660
17840,65535,65535,19660
18610,65535,65535,19660
19373,65535,65535,19660
20128,63195,65535,19660
20876,57115,63195,19660
21611,47360,57115,19660
22332,34000,47360,19660
23038,17110,34000,19660
23723,0,17110,19660
24374,0,0,19660
24969,0,0,19660
25511,0,0,19660
26022,0,0,19660
26581,0,0,19660
27111,0,0,19660
27616,0,0,19660
27612,0,0,19660
27602,0,0,19660
27593,0,0,19660
27583,0,0,19660
27573,0,0,19660
27563,0,0,19660
27554,0,0,19660
27544,0,0,19660
27534,0,0,19660
27525,0,0,19660
27515,0,0,19660
27505,0,0,19660
27496,0,0,19660
27486,0,0,19660
27476,0,0,19660
27467,0,0,19660
27440,0,0,19660
27381,0,0,19660
27291,0,0,19660
27169,0,0,19660
27017,0,0,19660
26832,0,0,19660
26618,0,0,19660
26374,0,0,19660
26102,0,0,19660
25801,0,0,19660
25470,0,0,19660
25110,0,0,19660
24722,0,0,19660
24308,0,0,19660
23866,0,0,19660
23400,0,0,19660
22913,0,0,19660
22401,0,0,19660
21868,0,0,19660
21316,0,0,19660
20743,0,0,19660
20149,0,0,19660
19539,605,0,19660
18913,4340,605,19660
18271,11285,4340,19660
17618,21495,11285,19660
16954,35024,21494,19660
16285,51899,35024,19660
15612,65535,51899,19660
14933,65535,65535,19660
14249,65535,65535,19660
13559,65535,65535,19660
12869,65535,65535,19660
12173,65535,65535,19660
11476,65535,65535,19660
10783,65535,65535,19660
10093,65535,65535,19660
9406,65535,65535,19660
8727,65535,65535,19660
8055,65535,65535,19660
7390,65535,65535,19660
6738,65535,65535,19660
6101,65535,65535,19660
5475,65535,65535,19660
4866,65535,65535,19660
4277,65535,65535,19660
3708,65535,65535,19660
3159,65535,65535,19660
2631,65535,65535,19660
2127,65535,65535,19660
1648,65535,65535,19660
1198,65535,65535,19660
776,65535,65535,19660
384,65535,65535,19660
21,65535,65535,19660
0,65535,65535,19660
0,65535,65535,19660
0,65535,65535,19660
0,65535,65535,19660
0,65535,65535,19660
0,65535,65535,19660
0,65535,65535,19660
0,65535,65535,19660
0,65535,65535,19660
0,65535,65535,19660
8,65535,65535,19660
55,65535,65535,19660
136,65535,65535,19660
250,65535,65535,19660
579,65535,65535,19660
795,65535,65535,19660
1045,65535,65535,19660
1330,65535,65535,19660
1649,65535,65535,19660
1997,65535,65535,19660
2376,65535,65535,19660
2790,65535,65535,19660
3234,65535,65535,19660
3704,65535,65535,19660
4204,65535,65535,19660
4731,65535,65535,19660
5278,65535,65535,19660
5840,65535,65535,19660
6426,65535,65535,19660
7030,65535,65535,19660
7673,65535,65535,19660
8335,65535,65535,19660
9019,65535,65535,19660
9715,65535,65535,19660
10431,65535,65535,19660
11159,65535,65535,19660
11902,65535,65535,19660
12654,65535,65535,19660
13415,65535,65535,19660
14181,65535,65535,19660
14950,65535,65535,19660
15691,65535,65535,19660
16422,65535,65535,19660
17150,65535,65535,19660
17876,65535,65535,19660
18643,65535,65535,19660
19404,65535,65535,19660
20157,63050,65535,19660
20903,56835,63050,19660
21637,46950,56835,19660
22356,33470,46950,19660
23056,16490,33470,19660
23734,0,16490,19660
24390,0,0,19660
25018,0,0,19660
25624,0,0,19660
26208,0,0,19660
26766,0,0,19660
27299,0,0,19660
27752,0,0,19660
27742,0,0,19660
27733,0,0,19660
27723,0,0,19660
27713,0,0,19660
27703,0,0,19660
27693,0,0,19660
27683,0,0,19660
27674,0,0,19660
27664,0,0,19660
27654,0,0,19660
27644,0,0,19660
27634,0,0,19660
27625,0,0,19660
27615,0,0,19660
27605,0,0,19660
27595,0,0,19660
27569,0,0,19660
27509,0,0,19660
27419,0,0,19660
27296,0,0,19660
27143,0,0,19660
26961,0,0,19660
26746,0,0,19660
26502,0,0,19660
26228,0,0,19660
25925,0,0,19660
25592,0,0,19660
25231,0,0,19660
24845,0,0,19660
24430,0,0,19660
23990,0,0,19660
23525,0,0,19660
23036,0,0,19660
22525,0,0,19660
21991,0,0,19660
21435,0,0,19660
20859,0,0,19660
20267,0,0,19660
19659,5,0,19660
19034,3135,5,19660
18393,9470,3135,19660
17741,19065,9470,19660
17078,35290,22380,19660
16410,51540,35290,19660
15737,65535,51540,19660
15060,65535,65535,19660
14376,65535,65535,19660
13688,65535,65535,19660
12998,65535,65535,19660
12303,65535,65535,19660
11612,65535,65535,19660
10920,65535,65535,19660
10231,65535,65535,19660
9545,65535,65535,19660
8867,65535,65535,19660
8196,65535,65535,19660
7537,65535,65535,19660
6889,65535,65535,19660
6254,65535,65535,19660
5634,65535,65535,19660
5031,65535,65535,19660
4447,65535,65535,19660
3880,65535,65535,19660
3337,65535,65535,19660
2815,65535,65535,19660
2318,65535,65535,19660
1845,65535,65535,19660
1401,65535,65535,19660
982,65535,65535,19660
593,65535,65535,19660
236,65535,65535,19660
0,65535,65535,19660
0,65535,65535,19660
0,65535,65535,19660
0,65535,65535,19660
0,65535,65535,19660
0,65535,65535,19660
0,65535,65535,19660
0,65535,65535,19660
0,65535,65535,19660
0,65535,65535,19660
21,65535,65535,19660
76,65535,65535,19660
165,65535,65535,19660
288,65535,65535,19660
445,65535,65535,19660
636,65535,65535,19660
862,65535,65535,19660
1122,65535,65535,19660
1416,65535,65535,19660
1741,65535,65535,19660
2097,65535,65535,19660
2479,65535,65535,19660
2890,65535,65535,19660
3328,65535,65535,19660
3804,65535,65535,19660
4310,65535,65535,19660
4843,65535,65535,19660
5402,65535,65535,19660
5982,65535,65535,19660
6589,65535,65535,19660
7218,65535,65535,19660
7869,65535,65535,19660
8538,65535,65535,19660
9224,65535,65535,19660
9929,65535,65535,19660
10634,65535,65535,19660
11338,65535,65535,19660
12048,65535,65535,19660
12763,65535,65535,19660
13519,65535,65535,19660
14286,65535,65535,19660
15058,65535,65535,19660
15831,65535,65535,19660
16605,65535,65535,19660
17380,65535,65535,19660
18151,65535,65535,19660
18919,65535,65535,19660
19680,65435,65535,19660
20433,61570,65435,19660
21178,50255,57845,19660
21890,39105,50255,19660
22544,24685,39105,19660
23175,7110,24685,19660
23779,0,7110,19660
24423,0,0,19660
25044,0,0,19660
25643,0,0,19660
26216,0,0,19660
26763,0,0,19660
27285,0,0,19660
27626,0,0,19660
27617,0,0,19660
27607,0,0,19660
27597,0,0,19660
27587,0,0,19660
27578,0,0,19660
27568,0,0,19660
27558,0,0,19660
27548,0,0,19660
27539,0,0,19660
27529,0,0,19660
27519,0,0,19660
27510,0,0,19660
27500,0,0,19660
27490,0,0,19660
27481,0,0,19660
27471,0,0,19660
27364,0,0,19660
27262,0,0,19660
27131,0,0,19660
26967,0,0,19660
26773,0,0,19660
26551,0,0,19660
26295,0,0,19660
26010,0,0,19660
25695,0,0,19660
25352,0,0,19660
24980,0,0,19660
24583,0,0,19660
24157,0,0,19660
23707,0,0,19660
23232,0,0,19660
22736,0,0,19660
22216,0,0,19660
21675,0,0,19660
21114,0,0,19660
20533,0,0,19660
19935,0,0,19660
19321,1695,0,19660
18691,6540,1695,19660
18045,14615,6540,19660
17388,25975,14615,19660
16722,40665,25975,19660
16050,58715,40665,19660
15373,65535,58715,19660
14691,65535,65535,19660
14006,65535,65535,19660
13316,65535,65535,19660
12621,65535,65535,19660
11925,65535,65535,19660
11232,65535,65535,19660
10538,65535,65535,19660
9848,65535,65535,19660
9164,65535,65535,19660
8488,65535,65535,19660
7820,65535,65535,19660
7163,65535,65535,19660
6518,65535,65535,19660
5885,65535,65535,19660
5267,65535,65535,19660
4666,65535,65535,19660
4085,65535,65535,19660
3524,65535,65535,19660
2983,65535,65535,19660
2467,65535,65535,19660
1976,65535,65535,19660
1509,65535,65535,19660
1067,65535,65535,19660
653,65535,65535,19660
273,65535,65535,19660
0,65535,65535,19660
0,65535,65535,19660
0,65535,65535,19660
0,65535,65535,19660
0,65535,65535,19660
0,65535,65535,19660
0,65535,65535,19660
0,65535,65535,19660
0,65535,65535,19660
0,65535,65535,19660
0,65535,65535,19660
21,65535,65535,19660
80,65535,65535,19660
174,65535,65535,19660
301,65535,65535,19660
461,65535,65535,19660
656,65535,65535,19660
885,65535,65535,19660
1148,65535,65535,19660
1446,65535,65535,19660
1773,65535,65535,19660
2135,65535,65535,19660
2528,65535,65535,19660
2951,65535,65535,19660
3404,65535,65535,19660
3887,65535,65535,19660
4395,65535,65535,19660
4923,65535,65535,19660
5473,65535,65535,19660
6046,65535,65535,19660
6641,65535,65535,19660
7271,65535,65535,19660
7923,65535,65535,19660
8594,65535,65535,19660
9282,65535,65535,19660
9987,65535,65535,19660
10707,65535,65535,19660
11440,65535,65535,19660
12182,65535,65535,19660
12939,65535,65535,19660
13700,65535,65535,19660
14470,65535,65535,19660
15246,65535,65535,19660
15996,65535,65535,19660
16727,65535,65535,19660
17455,65535,65535,19660
18175,65535,65535,19660
18939,65535,65535,19660
19696,65355,65535,19660
20446,61425,65355,19660
21188,53784,61424,19660
21917,42499,53784,19660
22628,27658,42498,19660
23322,9348,27658,19660
23995,0,9348,19660
24639,0,0,19660
25259,0,0,19660
25857,0,0,19660
26428,0,0,19660
26974,0,0,19660
27494,0,0,19660
27760,0,0,19660
27750,0,0,19660
27740,0,0,19660
27730,0,0,19660
27721,0,0,19660
27711,0,0,19660
27701,0,0,19660
27691,0,0,19660
27681,0,0,19660
27672,0,0,19660
27662,0,0,19660
27652,0,0,19660
27642,0,0,19660
27633,0,0,19660
27623,0,0,19660
27613,0,0,19660
27603,0,0,19660
27564,0,0,19660
27496,0,0,19660
27393,0,0,19660
27262,0,0,19660
27097,0,0,19660
26902,0,0,19660
26679,0,0,19660
26421,0,0,19660
26135,0,0,19660
25819,0,0,19660
25478,0,0,19660
25108,0,0,19660
24710,0,0,19660
24286,0,0,19660
23838,0,0,19660
23365,0,0,19660
22867,0,0,19660
22348,0,0,19660
21805,0,0,19660
21245,0,0,19660
20665,0,0,19660
20069,0,0,19660
19452,1040,0,19660
18823,5225,1040,19660
18178,12635,5225,19660
17521,23330,12635,19660
16855,37355,23330,19660
16183,58100,40715,19660
15507,65535,58100,19660
14827,65535,65535,19660
14143,65535,65535,19660
13454,65535,65535,19660
12764,65535,65535,19660
12072,65535,65535,19660
11380,65535,65535,19660
10692,65535,65535,19660
10006,65535,65535,19660
8649,65535,65535,19660
8649,65535,65535,19660
7327,65535,65535,19660
7327,65535,65535,19660
6056,65535,65535,19660
5444,65535,65535,19660
5444,65535,65535,19660
4269,65535,65535,19660
3710,65535,65535,19660
3175,65535,65535,19660
2661,65535,65535,19660
2172,65535,65535,19660
1711,65535,65535,19660
1276,65535,65535,19660
869,65535,65535,19660
492,65535,65535,19660
148,65535,65535,19660
0,65535,65535,19660
0,65535,65535,19660
0,65535,65535,19660
0,65535,65535,19660
0,65535,65535,19660
0,65535,65535,19660
0,65535,65535,19660
0,65535,65535,19660
0,65535,65535,19660
0,65535,65535,19660
33,65535,65535,19660
101,65535,65535,19660
203,65535,65535,19660
338,65535,65535,19660
509,65535,65535,19660
713,65535,65535,19660
952,65535,65535,19660
1225,65535,65535,19660
1528,65535,65535,19660
1863,65535,65535,19660
2229,65535,65535,19660
2622,65535,65535,19660
3044,65535,65535,19660
3503,65535,65535,19660
3992,65535,65535,19660
4508,65535,65535,19660
5049,65535,65535,19660
5617,65535,65535,19660
6211,65535,65535,19660
6827,65535,65535,19660
7465,65535,65535,19660
8125,65535,65535,19660
8803,65535,65535,19660
9499,65535,65535,19660
10195,65535,65535,19660
10892,65535,65535,19660
11598,65535,65535,19660
12310,65535,65535,19660
13062,65535,65535,19660
13824,65535,65535,19660
14592,65535,65535,19660
15364,65535,65535,19660
16138,65535,65535,19660
16913,65535,65535,19660
17688,65535,65535,19660
18460,65535,65535,19660
19229,65535,65535,19660
19990,63885,65535,19660
20744,58465,63885,19660
21465,49440,58465,19660
22132,37080,49440,19660
22779,21485,37080,19660
23402,2774,21484,19660
24065,0,2774,19660
24700,0,0,19660
25313,0,0,19660
25904,0,0,19660
26468,0,0,19660
27008,0,0,19660
27521,0,0,19660
27639,0,0,19660
27629,0,0,19660
27620,0,0,19660
27610,0,0,19660
27600,0,0,19660
27590,0,0,19660
27581,0,0,19660
27571,0,0,19660
27561,0,0,19660
27552,0,0,19660
27542,0,0,19660
27532,0,0,19660
27523,0,0,19660
27513,0,0,19660
27504,0,0,19660
27494,0,0,19660
27476,0,0,19660
27429,0,0,19660
27348,0,0,19660
27238,0,0,19660
27094,0,0,19660
26921,0,0,19660
26715,0,0,19660
26480,0,0,19660
26216,0,0,19660
25922,0,0,19660
25600,0,0,19660
25248,0,0,19660
24867,0,0,19660
24462,0,0,19660
24028,0,0,19660
23569,0,0,19660
23085,0,0,19660
22581,0,0,19660
22052,0,0,19660
21503,0,0,19660
20934,0,0,19660
20348,0,0,19660
19742,0,0,19660
19119,2705,0,19660
18485,8579,2704,19660
17835,17704,8579,19660
17174,33438,21008,19660
16508,52528,36768,19660
15834,65535,52528,19660
15160,65535,65535,19660
14479,65535,65535,19660
13793,65535,65535,19660
13102,65535,65535,19660
12410,65535,65535,19660
11717,65535,65535,19660
11024,65535,65535,19660
10333,65535,65535,19660
9646,65535,65535,19660
8966,65535,65535,19660
8293,65535,65535,19660
7628,65535,65535,19660
6975,65535,65535,19660
6333,65535,65535,19660
5707,65535,65535,19660
5098,65535,65535,19660
4504,65535,65535,19660
3930,65535,65535,19660
3377,65535,65535,19660
2844,65535,65535,19660
2335,65535,65535,19660
1852,65535,65535,19660
1397,65535,65535,19660
967,65535,65535,19660
566,65535,65535,19660
193,65535,65535,19660
0,65535,65535,19660
0,65535,65535,19660
0,65535,65535,19660
0,65535,65535,19660
0,65535,65535,19660
0,65535,65535,19660
0,65535,65535,19660
0,65535,65535,19660
0,65535,65535,19660
0,65535,65535,19660
4,65535,65535,19660
42,65535,65535,19660
114,65535,65535,19660
220,65535,65535,19660
363,65535,65535,19660
542,65535,65535,19660
754,65535,65535,19660
996,65535,65535,19660
1273,65535,65535,19660
1583,65535,65535,19660
1929,65535,65535,19660
2304,65535,65535,19660
2709,65535,65535,19660
3145,65535,65535,19660
3612,65535,65535,19660
4102,65535,65535,19660
4612,65535,65535,19660
5149,65535,65535,19660
5705,65535,65535,19660
6301,65535,65535,19660
6920,65535,65535,19660
7560,65535,65535,19660
8222,65535,65535,19660
8902,65535,65535,19660
9600,65535,65535,19660
10312,65535,65535,19660
11776,65535,65535,19660
11776,65535,65535,19660
12529,65535,65535,19660
14035,65535,65535,19660
14035,65535,65535,19660
15498,65535,65535,19660
16231,65535,65535,19660
16231,65535,65535,19660
17780,65535,65535,19660
18550,65535,65535,19660
19316,65535,65535,19660
20075,63460,65535,19660
20822,59725,65535,19660
21562,53950,63460,19660
22287,35005,48140,19660
22993,31475,48140,19660
23677,0,18340,19660
24339,0,0,19660
24973,0,0,19660
25580,0,0,19660
26165,0,0,19660
26729,0,0,19660
27267,0,0,19660
27779,0,0,19660
27791,0,0,19660
27781,0,0,19660
27771,0,0,19660
27761,0,0,19660
27751,0,0,19660
27742,0,0,19660
27732,0,0,19660
27722,0,0,19660
27712,0,0,19660
27702,0,0,19660
27693,0,0,19660
27683,0,0,19660
27673,0,0,19660
27663,0,0,19660
27654,0,0,19660
27644,0,0,19660
27621,0,0,19660
27570,0,0,19660
27488,0,0,19660
27378,0,0,19660
27233,0,0,19660
27059,0,0,19660
26856,0,0,19660
26620,0,0,19660
26354,0,0,19660
26059,0,0,19660
25734,0,0,19660
25380,0,0,19660
25002,0,0,19660
24594,0,0,19660
24162,0,0,19660
23705,0,0,19660
23223,0,0,19660
22720,0,0,19660
22192,0,0,19660
21645,0,0,19660
21076,0,0,19660
20491,0,0,19660
19890,0,0,19660
19273,1935,0,19660
18639,7039,1934,19660
17993,15374,7039,19660
17337,26988,15373,19660
16670,41938,26988,19660
15999,60243,41938,19660
15322,65535,60243,19660
14641,65535,65535,19660
13956,65535,65535,19660
13270,65535,65535,19660
12579,65535,65535,19660
11887,65535,65535,19660
11198,65535,65535,19660
10512,65535,65535,19660
9830,65535,65535,19660
9151,65535,65535,19660
8479,65535,65535,19660
7820,65535,65535,19660
7172,65535,65535,19660
6536,65535,65535,19660
5915,65535,65535,19660
5311,65535,65535,19660
4723,65535,65535,19660
4155,65535,65535,19660
3608,65535,65535,19660
3081,65535,65535,19660
2579,65535,65535,19660
2102,65535,65535,19660
1649,65535,65535,19660
1225,65535,65535,19660
831,65535,65535,19660
466,65535,65535,19660
135,65535,65535,19660
0,65535,65535,19660
0,65535,65535,19660
0,65535,65535,19660
0,65535,65535,19660
0,65535,65535,19660
0,65535,65535,19660
0,65535,65535,19660
0,65535,65535,19660
0,65535,65535,19660
12,65535,65535,19660
58,65535,65535,19660
139,65535,65535,19660
254,65535,65535,19660
402,65535,65535,19660
585,65535,65535,19660
803,65535,65535,19660
1054,65535,65535,19660
1340,65535,65535,19660
1656,65535,65535,19660
2000,65535,65535,19660
2377,65535,65535,19660
2786,65535,65535,19660
3228,65535,65535,19660
3700,65535,65535,19660
4723,65535,65535,19660
4723,65535,65535,19660
5851,65535,65535,19660
6454,65535,65535,19660
7078,65535,65535,19660
7726,65535,65535,19660
8391,65535,65535,19660
9074,65535,65535,19660
9748,65535,65535,19660
10436,65535,65535,19660
11133,65535,65535,19660
11860,65535,65535,19660
12608,65535,65535,19660
13366,65535,65535,19660
14129,65535,65535,19660
14898,65535,65535,19660
15671,65535,65535,19660
16446,65535,65535,19660
17221,65535,65535,19660
17998,65535,65535,19660
18766,65535,65535,19660
19531,65535,65535,19660
20288,62395,65535,19660
20998,55704,62394,19660
21674,42254,52324,19660
22332,28893,42253,19660
22970,12343,28893,19660
23647,0,12343,19660
24299,0,0,19660
24924,0,0,19660
25528,0,0,19660
26109,0,0,19660
26665,0,0,19660
27195,0,0,19660
27631,0,0,19660
27621,0,0,19660
27611,0,0,19660
27601,0,0,19660
27592,0,0,19660
27582,0,0,19660
27572,0,0,19660
27562,0,0,19660
27553,0,0,19660
27543,0,0,19660
27533,0,0,19660
27524,0,0,19660
27514,0,0,19660
27504,0,0,19660
27495,0,0,19660
27485,0,0,19660
27475,0,0,19660
27445,0,0,19660
27385,0,0,19660
27291,0,0,19660
27169,0,0,19660
27013,0,0,19660
26828,0,0,19660
26613,0,0,19660
26366,0,0,19660
26089,0,0,19660
25783,0,0,19660
25448,0,0,19660
25084,0,0,19660
24695,0,0,19660
24278,0,0,19660
23836,0,0,19660
23369,0,0,19660
22877,0,0,19660
22365,0,0,19660
21829,0,0,19660
21272,0,0,19660
20698,0,0,19660
20105,0,0,19660
19495,825,0,19660
18869,4780,825,19660
18231,15115,7970,19660
17578,28790,18380,19660
16920,42490,28790,19660
16253,59524,42489,19660
15580,65535,59524,19660
14903,65535,65535,19660
14222,65535,65535,19660
13536,65535,65535,19660
12845,65535,65535,19660
12153,65535,65535,19660
11460,65535,65535,19660
10766,65535,65535,19660
10076,65535,65535,19660
9392,65535,65535,19660
8717,65535,65535,19660
8048,65535,65535,19660
7387,65535,65535,19660
6738,65535,65535,19660
6105,65535,65535,19660
5483,65535,65535,19660
4878,65535,65535,19660
4292,65535,65535,19660
3727,65535,65535,19660
3182,65535,65535,19660
2657,65535,65535,19660
2157,65535,65535,19660
1682,65535,65535,19660
1236,65535,65535,19660
818,65535,65535,19660
429,65535,65535,19660
70,65535,65535,19660
0,65535,65535,19660
0,65535,65535,19660
0,65535,65535,19660
0,65535,65535,19660
0,65535,65535,19660
0,65535,65535,19660
0,65535,65535,19660
0,65535,65535,19660
0,65535,65535,19660
0,65535,65535,19660
17,65535,65535,19660
68,65535,65535,19660
152,65535,65535,19660
271,65535,65535,19660
426,65535,65535,19660
617,65535,65535,19660
842,65535,65535,19660
1096,65535,65535,19660
1385,65535,65535,19660
1709,65535,65535,19660
2062,65535,65535,19660
2445,65535,65535,19660
2863,65535,65535,19660
3312,65535,65535,19660
3786,65535,65535,19660
4290,65535,65535,19660
4821,65535,65535,19660
5371,65535,65535,19660
5938,65535,65535,19660
6527,65535,65535,19660
7135,65535,65535,19660
7783,65535,65535,19660
8449,65535,65535,19660
9132,65535,65535,19660
9833,65535,65535,19660
10548,65535,65535,19660
11277,65535,65535,19660
12020,65535,65535,19660
12771,65535,65535,19660
13533,65535,65535,19660
14303,65535,65535,19660
15080,65535,65535,19660
16569,65535,65535,19660
17297,65535,65535,19660
18022,65535,65535,19660
18790,65535,65535,19660
19552,65535,65535,19660
20306,59074,62304,19660
21051,52119,59074,19660
21784,41499,52119,19660
22502,27289,41499,19660
23201,9584,27289,19660
23877,0,9584,19660
24526,0,0,19660
25154,0,0,19660
25756,0,0,19660
26336,0,0,19660
26890,0,0,19660
27419,0,0,19660
27761,0,0,19660
27752,0,0,19660
27742,0,0,19660
27732,0,0,19660
27722,0,0,19660
27712,0,0,19660
27702,0,0,19660
27692,0,0,19660
27683,0,0,19660
27673,0,0,19660
27663,0,0,19660
27653,0,0,19660
27643,0,0,19660
27634,0,0,19660
27624,0,0,19660
27614,0,0,19660
27604,0,0,19660
27573,0,0,19660
27513,0,0,19660
27419,0,0,19660
27296,0,0,19660
27139,0,0,19660
26953,0,0,19660
26738,0,0,19660
26489,0,0,19660
26211,0,0,19660
25903,0,0,19660
25567,0,0,19660
25205,0,0,19660
24815,0,0,19660
24399,0,0,19660
23959,0,0,19660
23494,0,0,19660
23005,0,0,19660
22490,0,0,19660
21955,0,0,19660
21400,0,0,19660
20824,0,0,19660
20231,0,0,19660
19623,185,0,19660
18998,3495,185,19660
18357,10010,3495,19660
17704,19790,10010,19660
17041,32885,19790,19660
16372,49325,32885,19660
15699,65535,49325,19660
15020,65535,65535,19660
14341,65535,65535,19660
13656,65535,65535,19660
12967,65535,65535,19660
12276,65535,65535,19660
11584,65535,65535,19660
10896,65535,65535,19660
10211,65535,65535,19660
9530,65535,65535,19660
8855,65535,65535,19660
8188,65535,65535,19660
7529,65535,65535,19660
6882,65535,65535,19660
6250,65535,65535,19660
5635,65535,65535,19660
5035,65535,65535,19660
4452,65535,65535,19660
3888,65535,65535,19660
3346,65535,65535,19660
2828,65535,65535,19660
2334,65535,65535,19660
1866,65535,65535,19660
1422,65535,65535,19660
1007,65535,65535,19660
622,65535,65535,19660
266,65535,65535,19660
0,65535,65535,19660
0,65535,65535,19660
0,65535,65535,19660
0,65535,65535,19660
0,65535,65535,19660
0,65535,65535,19660
0,65535,65535,19660
0,65535,65535,19660
0,65535,65535,19660
0,65535,65535,19660
21,65535,65535,19660
76,65535,65535,19660
169,65535,65535,19660
297,65535,65535,19660
458,65535,65535,19660
654,65535,65535,19660
884,65535,65535,19660
1149,65535,65535,19660
1443,65535,65535,19660
1771,65535,65535,19660
2130,65535,65535,19660
2516,65535,65535,19660
2930,65535,65535,19660
3372,65535,65535,19660
3853,65535,65535,19660
4359,65535,65535,19660
4895,65535,65535,19660
5458,65535,65535,19660
6043,65535,65535,19660
6653,65535,65535,19660
7286,65535,65535,19660
7937,65535,65535,19660
8610,65535,65535,19660
9300,65535,65535,19660
10008,65535,65535,19660
10730,65535,65535,19660
11448,65535,65535,19660
12163,65535,65535,19660
13609,65535,65535,19660
14375,65535,65535,19660
15146,65535,65535,19660
15146,65535,65535,19660
16692,65535,65535,19660
16692,65535,65535,19660
17467,65535,65535,19660
19005,65535,65535,19660
19766,65005,65535,19660
20519,61240,65535,19660
21263,52694,60709,19660
21995,49034,60709,19660
22691,37539,52694,19660
23323,22704,41019,19660
23930,0,7549,19660
24509,0,0,19660
25128,0,0,19660
25723,0,0,19660
26295,0,0,19660
26842,0,0,19660
27360,0,0,19660
27612,0,0,19660
27602,0,0,19660
27592,0,0,19660
27582,0,0,19660
27573,0,0,19660
27563,0,0,19660
27553,0,0,19660
27543,0,0,19660
27534,0,0,19660
27524,0,0,19660
27514,0,0,19660
27505,0,0,19660
27495,0,0,19660
27485,0,0,19660
27476,0,0,19660
27466,0,0,19660
27456,0,0,19660
27417,0,0,19660
27345,0,0,19660
27243,0,0,19660
27108,0,0,19660
26944,0,0,19660
26746,0,0,19660
26520,0,0,19660
26264,0,0,19660
25979,0,0,19660
25665,0,0,19660
25322,0,0,19660
24950,0,0,19660
24549,0,0,19660
24124,0,0,19660
23673,0,0,19660
23199,0,0,19660
22699,0,0,19660
22179,0,0,19660
21635,0,0,19660
21070,0,0,19660
20489,0,0,19660
19887,0,0,19660
19270,1950,0,19660
18640,7049,1949,19660
17994,15379,7049,19660
17338,26988,15378,19660
16672,41928,26988,19660
16000,60228,41928,19660
15324,65535,60228,19660
14643,65535,65535,19660
13958,65535,65535,19660
13269,65535,65535,19660
12574,65535,65535,19660
11878,65535,65535,19660
11186,65535,65535,19660
10492,65535,65535,19660
9802,65535,65535,19660
9119,65535,65535,19660
8443,65535,65535,19660
7775,65535,65535,19660
7119,65535,65535,19660
6474,65535,65535,19660
5841,65535,65535,19660
5224,65535,65535,19660
4622,65535,65535,19660
4041,65535,65535,19660
3481,65535,65535,19660
2940,65535,65535,19660
2424,65535,65535,19660
1933,65535,65535,19660
1466,65535,65535,19660
1029,65535,65535,19660
620,65535,65535,19660
240,65535,65535,19660
0,65535,65535,19660
0,65535,65535,19660
0,65535,65535,19660
0,65535,65535,19660
0,65535,65535,19660
0,65535,65535,19660
0,65535,65535,19660
0,65535,65535,19660
0,65535,65535,19660
0,65535,65535,19660
0,65535,65535,19660
25,65535,65535,19660
84,65535,65535,19660
178,65535,65535,19660
309,65535,65535,19660
473,65535,65535,19660
671,65535,65535,19660
904,65535,65535,19660
1171,65535,65535,19660
1469,65535,65535,19660
1800,65535,65535,19660
2162,65535,65535,19660
2558,65535,65535,19660
2984,65535,65535,19660
3441,65535,65535,19660
3924,65535,65535,19660
4437,65535,65535,19660
4976,65535,65535,19660
5541,65535,65535,19660
6124,65535,65535,19660
6719,65535,65535,19660
7342,65535,65535,19660
7974,65535,65535,19660
8647,65535,65535,19660
9339,65535,65535,19660
10045,65535,65535,19660
10764,65535,65535,19660
11496,65535,65535,19660
12243,65535,65535,19660
12999,65535,65535,19660
13763,65535,65535,19660
14534,65535,65535,19660
15310,65535,65535,19660
16834,65535,65535,19660
16834,65535,65535,19660
18285,65535,65535,19660
18999,65535,65535,19660
19755,65060,65535,19660
20505,60835,65060,19660
21247,52899,60834,19660
21975,41324,52899,19660
22685,26199,41324,19660
23378,7609,26199,19660
24050,0,7608,19660
24694,0,0,19660
25313,0,0,19660
25910,0,0,19660
26480,0,0,19660
27026,0,0,19660
27542,0,0,19660
27739,0,0,19660
27729,0,0,19660
27729,0,0,19660
27711,0,0,19660
27700,0,0,19660
27690,0,0,19660
27680,0,0,19660
27671,0,0,19660
27661,0,0,19660
27651,0,0,19660
27641,0,0,19660
27632,0,0,19660
27622,0,0,19660
27602,0,0,19660
27602,0,0,19660
27583,0,0,19660
27544,0,0,19660
27471,0,0,19660
27471,0,0,19660
27233,0,0,19660
27068,0,0,19660
26874,0,0,19660
26646,0,0,19660
26389,0,0,19660
26103,0,0,19660
25787,0,0,19660
25443,0,0,19660
25073,0,0,19660
24674,0,0,19660
24251,0,0,19660
23803,0,0,19660
23330,0,0,19660
22833,0,0,19660
22311,0,0,19660
21768,0,0,19660
21204,0,0,19660
20625,0,0,19660
20025,0,0,19660
19408,1260,0,19660
18780,5660,1260,19660
18135,13285,5660,19660
17479,24190,13285,19660
16814,38420,24190,19660
16143,56005,38420,19660
15467,65535,59385,19660
14787,65535,65535,19660
14103,65535,65535,19660
14103,65535,65535,19660
13415,65535,65535,19660
12034,65535,65535,19660
11343,65535,65535,19660
10655,65535,65535,19660
9970,65535,65535,19660
9288,65535,65535,19660
8614,65535,65535,19660
7951,65535,65535,19660
7296,65535,65535,19660
6653,65535,65535,19660
6026,65535,65535,19660
5415,65535,65535,19660
4820,65535,65535,19660
4245,65535,65535,19660
3690,65535,65535,19660
3156,65535,65535,19660
2642,65535,65535,19660
2153,65535,65535,19660
1693,65535,65535,19660
1271,65535,65535,19660
487,65535,65535,19660
487,65535,65535,19660
144,65535,65535,19660
0,65535,65535,19660
0,65535,65535,19660
0,65535,65535,19660
0,65535,65535,19660
0,65535,65535,19660
0,65535,65535,19660
0,65535,65535,19660
0,65535,65535,19660
0,65535,65535,19660
33,65535,65535,19660
101,65535,65535,19660
203,65535,65535,19660
338,65535,65535,19660
508,65535,65535,19660
712,65535,65535,19660
951,65535,65535,19660
1224,65535,65535,19660
1531,65535,65535,19660
1869,65535,65535,19660
2238,65535,65535,19660
2632,65535,65535,19660
3059,65535,65535,19660
3514,65535,65535,19660
4003,65535,65535,19660
4523,65535,65535,19660
5068,65535,65535,19660
5640,65535,65535,19660
6234,65535,65535,19660
6849,65535,65535,19660
7487,65535,65535,19660
8147,65535,65535,19660
8824,65535,65535,19660
9520,65535,65535,19660
10229,65535,65535,19660
10927,65535,65535,19660
11634,65535,65535,19660
12350,65535,65535,19660
13091,65535,65535,19660
13852,65535,65535,19660
14624,65535,65535,19660
15396,65535,65535,19660
16174,65535,65535,19660
16952,65535,65535,19660
17727,65535,65535,19660
18499,65535,65535,19660
19267,65535,65535,19660
20028,63695,65535,19660
20778,58105,63695,19660
21508,48865,58105,19660
22190,36215,48865,19660
22838,20325,36215,19660
23461,1320,20325,19660
24083,0,0,19660
24716,0,0,19660
25327,0,0,19660
25918,0,0,19660
26482,0,0,19660
27020,0,0,19660
27534,0,0,19660
27609,0,0,19660
27590,0,0,19660
27590,0,0,19660
27580,0,0,19660
27570,0,0,19660
27551,0,0,19660
27541,0,0,19660
27531,0,0,19660
27522,0,0,19660
27512,0,0,19660
27503,0,0,19660
27493,0,0,19660
27483,0,0,19660
27474,0,0,19660
27464,0,0,19660
27446,0,0,19660
27399,0,0,19660
27318,0,0,19660
27208,0,0,19660
27065,0,0,19660
26892,0,0,19660
26686,0,0,19660
26451,0,0,19660
26187,0,0,19660
25894,0,0,19660
25572,0,0,19660
25220,0,0,19660
24840,0,0,19660
24435,0,0,19660
24001,0,0,19660
23543,0,0,19660
23060,0,0,19660
22556,0,0,19660
22028,0,0,19660
21480,0,0,19660
20911,0,0,19660
20326,0,0,19660
19720,0,0,19660
19098,2810,0,19660
18465,8785,2810,19660
17815,18010,8785,19660
17155,30535,18010,19660
16490,46384,30534,19660
15815,65535,46384,19660
15135,65535,65535,19660
14455,65535,65535,19660
13771,65535,65535,19660
13081,65535,65535,19660
12390,65535,65535,19660
11698,65535,65535,19660
11005,65535,65535,19660
10315,65535,65535,19660
9629,65535,65535,19660
8950,65535,65535,19660
8278,65535,65535,19660
7614,65535,65535,19660
6961,65535,65535,19660
6321,65535,65535,19660
5696,65535,65535,19660
5087,65535,65535,19660
4494,65535,65535,19660
3921,65535,65535,19660
3368,65535,65535,19660
2836,65535,65535,19660
2328,65535,65535,19660
1845,65535,65535,19660
1387,65535,65535,19660
957,65535,65535,19660
557,65535,65535,19660
185,65535,65535,19660
0,65535,65535,19660
0,65535,65535,19660
0,65535,65535,19660
0,65535,65535,19660
0,65535,65535,19660
0,65535,65535,19660
0,65535,65535,19660
0,65535,65535,19660
0,65535,65535,19660
0,65535,65535,19660
0,65535,65535,19660
34,65535,65535,19660
106,65535,65535,19660
212,65535,65535,19660
351,65535,65535,19660
524,65535,65535,19660
732,65535,65535,19660
974,65535,65535,19660
1250,65535,65535,19660
1560,65535,65535,19660
1901,65535,65535,19660
2276,65535,65535,19660
2681,65535,65535,19660
3116,65535,65535,19660
3582,65535,65535,19660
4074,65535,65535,19660
4596,65535,65535,19660
5133,65535,65535,19660
5691,65535,65535,19660
6272,65535,65535,19660
6872,65535,65535,19660
7511,65535,65535,19660
8172,65535,65535,19660
8851,65535,65535,19660
9547,65535,65535,19660
10258,65535,65535,19660
10981,65535,65535,19660
11719,65535,65535,19660
12470,65535,65535,19660
13231,65535,65535,19660
13996,65535,65535,19660
14767,65535,65535,19660
15543,65535,65535,19660
16301,65535,65535,19660
17036,65535,65535,19660
17763,65535,65535,19660
18483,65535,65535,19660
19247,65535,65535,19660
20005,63810,65535,19660
20755,58335,63810,19660
21493,49170,58335,19660
22217,36385,49170,19660
22926,20055,36385,19660
23614,285,20055,19660
24275,0,285,19660
24912,0,0,19660
25527,0,0,19660
26116,0,0,19660
26683,0,0,19660
27220,0,0,19660
27732,0,0,19660
27752,0,0,19660
27742,0,0,19660
27732,0,0,19660
27722,0,0,19660
27712,0,0,19660
27702,0,0,19660
27693,0,0,19660
27683,0,0,19660
27673,0,0,19660
27663,0,0,19660
27654,0,0,19660
27644,0,0,19660
27634,0,0,19660
27624,0,0,19660
27615,0,0,19660
27605,0,0,19660
27587,0,0,19660
27539,0,0,19660
27458,0,0,19660
27347,0,0,19660
27203,0,0,19660
27030,0,0,19660
26827,0,0,19660
26595,0,0,19660
26329,0,0,19660
25710,0,0,19660
25361,0,0,19660
25361,0,0,19660
24576,0,0,19660
24144,0,0,19660
23688,0,0,19660
23207,0,0,19660
22705,0,0,19660
22178,0,0,19660
21631,0,0,19660
21063,0,0,19660
20479,0,0,19660
19879,0,0,19660
19262,1990,0,19660
18629,5155,0,19660
17985,15520,7145,19660
17329,27174,15519,19660
16664,42154,27174,19660
15993,60488,42153,19660
15317,65535,60487,19660
14637,65535,65535,19660
13953,65535,65535,19660
13264,65535,65535,19660
12574,65535,65535,19660
11883,65535,65535,19660
11191,65535,65535,19660
10502,65535,65535,19660
9817,65535,65535,19660
9139,65535,65535,19660
8468,65535,65535,19660
7809,65535,65535,19660
7158,65535,65535,19660
6522,65535,65535,19660
5898,65535,65535,19660
5291,65535,65535,19660
4700,65535,65535,19660
4128,65535,65535,19660
3578,65535,65535,19660
3052,65535,65535,19660
2546,65535,65535,19660
2065,65535,65535,19660
1613,65535,65535,19660
1186,65535,65535,19660
788,65535,65535,19660
423,65535,65535,19660
88,65535,65535,19660
0,65535,65535,19660
0,65535,65535,19660
0,65535,65535,19660
0,65535,65535,19660
0,65535,65535,19660
0,65535,65535,19660
0,65535,65535,19660
0,65535,65535,19660
0,65535,65535,19660
8,65535,65535,19660
50,65535,65535,19660
126,65535,65535,19660
237,65535,65535,19660
385,65535,65535,19660
568,65535,65535,19660
785,65535,65535,19660
1036,65535,65535,19660
1318,65535,65535,19660
1634,65535,65535,19660
1984,65535,65535,19660
2360,65535,65535,19660
2766,65535,65535,19660
3201,65535,65535,19660
3664,65535,65535,19660
4161,65535,65535,19660
4684,65535,65535,19660
5234,65535,65535,19660
5810,65535,65535,19660
6411,65535,65535,19660
7035,65535,65535,19660
7681,65535,65535,19660
8345,65535,65535,19660
9026,65535,65535,19660
9725,65535,65535,19660
10443,65535,65535,19660
11171,65535,65535,19660
11888,65535,65535,19660
12605,65535,65535,19660
13329,65535,65535,19660
14060,65535,65535,19660
14830,65535,65535,19660
15602,65535,65535,19660
16378,65535,65535,19660
17152,65535,65535,19660
17926,65535,65535,19660
18696,65535,65535,19660
19460,65535,65535,19660
20216,62755,65535,19660
20964,56235,62755,19660
21699,42365,52560,19660
22420,28564,42364,19660
23124,11244,28564,19660
23786,0,11244,19660
24379,0,0,19660
24942,0,0,19660
25480,0,0,19660
26060,0,0,19660
26615,0,0,19660
27144,0,0,19660
27582,0,0,19660
27573,0,0,19660
27563,0,0,19660
27553,0,0,19660
27543,0,0,19660
27534,0,0,19660
27524,0,0,19660
27514,0,0,19660
27505,0,0,19660
27495,0,0,19660
27485,0,0,19660
27476,0,0,19660
27466,0,0,19660
27456,0,0,19660
27447,0,0,19660
27437,0,0,19660
27427,0,0,19660
27401,0,0,19660
27341,0,0,19660
27252,0,0,19660
27130,0,0,19660
26978,0,0,19660
26793,0,0,19660
26579,0,0,19660
26336,0,0,19660
26060,0,0,19660
25755,0,0,19660
25421,0,0,19660
25061,0,0,19660
24673,0,0,19660
24261,0,0,19660
23820,0,0,19660
23353,0,0,19660
22863,0,0,19660
22352,0,0,19660
21820,0,0,19660
21264,0,0,19660
20692,0,0,19660
20099,0,0,19660
19490,850,0,19660
18865,4825,850,19660
18224,12005,4825,19660
17572,22445,12005,19660
16909,36200,22445,19660
16242,53290,36200,19660
15569,65535,53290,19660
14892,65535,65535,19660
14208,65535,65535,19660
13520,65535,65535,19660
12831,65535,65535,19660
12136,65535,65535,19660
11440,65535,65535,19660
10748,65535,65535,19660
10059,65535,65535,19660
9373,65535,65535,19660
8694,65535,65535,19660
8023,65535,65535,19660
7364,65535,65535,19660
6716,65535,65535,19660
6080,65535,65535,19660
5460,65535,65535,19660
4855,65535,65535,19660
4267,65535,65535,19660
3699,65535,65535,19660
3151,65535,65535,19660
2627,65535,65535,19660
2124,65535,65535,19660
1650,65535,65535,19660
1200,65535,65535,19660
779,65535,65535,19660
388,65535,65535,19660
25,65535,65535,19660
0,65535,65535,19660
0,65535,65535,19660
0,65535,65535,19660
0,65535,65535,19660
0,65535,65535,19660
0,65535,65535,19660
0,65535,65535,19660
0,65535,65535,19660
0,65535,65535,19660
0,65535,65535,19660
8,65535,65535,19660
51,65535,65535,19660
131,65535,65535,19660
246,65535,65535,19660
395,65535,65535,19660
577,65535,65535,19660
791,65535,65535,19660
1039,65535,65535,19660
1323,65535,65535,19660
1641,65535,65535,19660
1989,65535,65535,19660
2785,65535,65535,19660
3229,65535,65535,19660
3702,65535,65535,19660
4202,65535,65535,19660
4727,65535,65535,19660
5284,65535,65535,19660
5862,65535,65535,19660
6463,65535,65535,19660
7070,65535,65535,19660
7696,65535,65535,19660
8340,65535,65535,19660
9014,65535,65535,19660
9714,65535,65535,19660
10428,65535,65535,19660
11155,65535,65535,19660
11896,65535,65535,19660
12647,65535,65535,19660
13407,65535,65535,19660
14176,65535,65535,19660
14951,65535,65535,19660
15726,65535,65535,19660
16507,65535,65535,19660
17277,65535,65535,19660
18008,65535,65535,19660
18729,65535,65535,19660
19439,65535,65535,19660
20171,60425,62980,19660
20915,54149,60424,19660
21646,44219,54149,19660
22364,30699,44219,19660
23067,13663,30698,19660
23748,0,13663,19660
24401,0,0,19660
25033,0,0,19660
25638,0,0,19660
26221,0,0,19660
26779,0,0,19660
27311,0,0,19660
27718,0,0,19660
27708,0,0,19660
27698,0,0,19660
27688,0,0,19660
27678,0,0,19660
27668,0,0,19660
27659,0,0,19660
27649,0,0,19660
27639,0,0,19660
27629,0,0,19660
27619,0,0,19660
27610,0,0,19660
27600,0,0,19660
27590,0,0,19660
27580,0,0,19660
27571,0,0,19660
27561,0,0,19660
27534,0,0,19660
27478,0,0,19660
27389,0,0,19660
27270,0,0,19660
27118,0,0,19660
26936,0,0,19660
26725,0,0,19660
26481,0,0,19660
26208,0,0,19660
25905,0,0,19660
25573,0,0,19660
25216,0,0,19660
24831,0,0,19660
24416,0,0,19660
23977,0,0,19660
23512,0,0,19660
23024,0,0,19660
22514,0,0,19660
21984,0,0,19660
21434,0,0,19660
20863,0,0,19660
20271,0,0,19660
19664,0,0,19660
19040,3100,0,19660
18404,9380,3100,19660
17752,18920,9380,19660
17094,31750,18920,19660
16426,47920,31750,19660
15754,65535,47920,19660
15076,65535,65535,19660
14398,65535,65535,19660
13715,65535,65535,19660
13026,65535,65535,19660
12336,65535,65535,19660
11646,65535,65535,19660
10955,65535,65535,19660
10267,65535,65535,19660
9582,65535,65535,19660
8905,65535,65535,19660
8235,65535,65535,19660
7577,65535,65535,19660
6930,65535,65535,19660
6296,65535,65535,19660
5677,65535,65535,19660
5074,65535,65535,19660
4488,65535,65535,19660
3921,65535,65535,19660
3375,65535,65535,19660
2854,65535,65535,19660
2353,65535,65535,19660
1881,65535,65535,19660
1433,65535,65535,19660
1015,65535,65535,19660
626,65535,65535,19660
266,65535,65535,19660
0,65535,65535,19660
0,65535,65535,19660
0,65535,65535,19660
0,65535,65535,19660
0,65535,65535,19660
0,65535,65535,19660
0,65535,65535,19660
0,65535,65535,19660
0,65535,65535,19660
0,65535,65535,19660
16,65535,65535,19660
67,65535,65535,19660
152,65535,65535,19660
271,65535,65535,19660
424,65535,65535,19660
611,65535,65535,19660
832,65535,65535,19660
1087,65535,65535,19660
1377,65535,65535,19660
1701,65535,65535,19660
2056,65535,65535,19660
2445,65535,65535,19660
2860,65535,65535,19660
3300,65535,65535,19660
3768,65535,65535,19660
4264,65535,65535,19660
4795,65535,65535,19660
5353,65535,65535,19660
5938,65535,65535,19660
6544,65535,65535,19660
7172,65535,65535,19660
7822,65535,65535,19660
8490,65535,65535,19660
9176,65535,65535,19660
9879,65535,65535,19660
10601,65535,65535,19660
11335,65535,65535,19660
12056,65535,65535,19660
12778,65535,65535,19660
13506,65535,65535,19660
14234,65535,65535,19660
15004,65535,65535,19660
15780,65535,65535,19660
16557,65535,65535,19660
17331,65535,65535,19660
18105,65535,65535,19660
18876,65535,65535,19660
19640,65535,65535,19660
20396,58174,61854,19660
21143,50759,58174,19660
21877,39674,50759,19660
22597,24989,39674,19660
23297,6804,24989,19660
23946,0,6804,19660
24533,0,0,19660
25091,0,0,19660
25640,0,0,19660
26215,0,0,19660
26766,0,0,19660
27291,0,0,19660
27590,0,0,19660
27580,0,0,19660
27570,0,0,19660
27560,0,0,19660
27551,0,0,19660
27541,0,0,19660
27531,0,0,19660
27512,0,0,19660
27502,0,0,19660
27492,0,0,19660
27483,0,0,19660
27483,0,0,19660
27473,0,0,19660
27463,0,0,19660
27444,0,0,19660
27435,0,0,19660
27400,0,0,19660
27336,0,0,19660
27238,0,0,19660
27112,0,0,19660
26952,0,0,19660
26763,0,0,19660
26540,0,0,19660
26289,0,0,19660
26009,0,0,19660
25699,0,0,19660
25360,0,0,19660
24992,0,0,19660
24600,0,0,19660
24179,0,0,19660
23734,0,0,19660
23263,0,0,19660
22769,0,0,19660
22253,0,0,19660
21713,0,0,19660
21153,0,0,19660
20576,0,0,19660
19979,0,0,19660
19366,1470,0,19660
18737,6085,1470,19660
18096,13905,6085,19660
17444,24985,13905,19660
16782,39375,24985,19660
16110,57125,39375,19660
15434,65535,57125,19660
14753,65535,65535,19660
14069,65535,65535,19660
13380,65535,65535,19660
12691,65535,65535,19660
11995,65535,65535,19660
11303,65535,65535,19660
10611,65535,65535,19660
9921,65535,65535,19660
9239,65535,65535,19660
8560,65535,65535,19660
7893,65535,65535,19660
7233,65535,65535,19660
6585,65535,65535,19660
5953,65535,65535,19660
5332,65535,65535,19660
4731,65535,65535,19660
4147,65535,65535,19660
3583,65535,65535,19660
3038,65535,65535,19660
2519,65535,65535,19660
2024,65535,65535,19660
1553,65535,65535,19660
1112,65535,65535,19660
695,65535,65535,19660
307,65535,65535,19660
0,65535,65535,19660
0,65535,65535,19660
0,65535,65535,19660
0,65535,65535,19660
0,65535,65535,19660
0,65535,65535,19660
0,65535,65535,19660
0,65535,65535,19660
0,65535,65535,19660
0,65535,65535,19660
0,65535,65535,19660
17,65535,65535,19660
68,65535,65535,19660
157,65535,65535,19660
280,65535,65535,19660
437,65535,65535,19660
627,65535,65535,19660
862,65535,65535,19660
1121,65535,65535,19660
1413,65535,65535,19660
1737,65535,65535,19660
2094,65535,65535,19660
2482,65535,65535,19660
2899,65535,65535,19660
3348,65535,65535,19660
3826,65535,65535,19660
4335,65535,65535,19660
4870,65535,65535,19660
5430,65535,65535,19660
6005,65535,65535,19660
6596,65535,65535,19660
7208,65535,65535,19660
7836,65535,65535,19660
8504,65535,65535,19660
9191,65535,65535,19660
9896,65535,65535,19660
10614,65535,65535,19660
11346,65535,65535,19660
12088,65535,65535,19660
12843,65535,65535,19660
13603,65535,65535,19660
15147,65535,65535,19660
15923,65535,65535,19660
16700,65535,65535,19660
17455,65535,65535,19660
18183,65535,65535,19660
18899,65535,65535,19660
19608,65535,65535,19660
20361,62030,65535,19660
21102,54819,62029,19660
21835,43944,54819,19660
22549,29498,43943,19660
23248,11558,29498,19660
23925,0,11558,19660
24574,0,0,19660
25197,0,0,19660
25799,0,0,19660
26374,0,0,19660
26927,0,0,19660
27451,0,0,19660
27735,0,0,19660
27725,0,0,19660
27715,0,0,19660
27705,0,0,19660
27696,0,0,19660
27686,0,0,19660
27676,0,0,19660
27666,0,0,19660
27656,0,0,19660
27647,0,0,19660
27637,0,0,19660
27627,0,0,19660
27617,0,0,19660
27608,0,0,19660
27598,0,0,19660
27588,0,0,19660
27578,0,0,19660
27544,0,0,19660
27479,0,0,19660
27381,0,0,19660
27254,0,0,19660
27097,0,0,19660
26907,0,0,19660
26688,0,0,19660
26439,0,0,19660
26162,0,0,19660
25854,0,0,19660
25518,0,0,19660
25152,0,0,19660
24762,0,0,19660
24344,0,0,19660
23900,0,0,19660
23431,0,0,19660
22938,0,0,19660
22424,0,0,19660
21889,0,0,19660
21335,0,0,19660
20759,0,0,19660
20163,0,0,19660
19551,545,0,19660
18282,7435,545,19660
17630,21270,11120,19660
16968,34729,21269,19660
16300,51529,34729,19660
15628,54889,34729,19660
14951,65535,65535,19660
14267,65535,65535,19660
13579,65535,65535,19660
12890,65535,65535,19660
12200,65535,65535,19660
11509,65535,65535,19660
10821,65535,65535,19660
10137,65535,65535,19660
9455,65535,65535,19660
8782,65535,65535,19660
8115,65535,65535,19660
7461,65535,65535,19660
6818,65535,65535,19660
6187,65535,65535,19660
5572,65535,65535,19660
4973,65535,65535,19660
4390,65535,65535,19660
3827,65535,65535,19660
3289,65535,65535,19660
2771,65535,65535,19660
2278,65535,65535,19660
1810,65535,65535,19660
1370,65535,65535,19660
960,65535,65535,19660
579,65535,65535,19660
227,65535,65535,19660
0,65535,65535,19660
0,65535,65535,19660
0,65535,65535,19660
0,65535,65535,19660
0,65535,65535,19660
0,65535,65535,19660
0,65535,65535,19660
0,65535,65535,19660
0,65535,65535,19660
0,65535,65535,19660
25,65535,65535,19660
84,65535,65535,19660
177,65535,65535,19660
304,65535,65535,19660
466,65535,65535,19660
662,65535,65535,19660
892,65535,65535,19660
1156,65535,65535,19660
1454,65535,65535,19660
1787,65535,65535,19660
2150,65535,65535,19660
2541,65535,65535,19660
3406,65535,65535,19660
3887,65535,65535,19660
4397,65535,65535,19660
4934,65535,65535,19660
5497,65535,65535,19660
6086,65535,65535,19660
6697,65535,65535,19660
7330,65535,65535,19660
7985,65535,65535,19660
8658,65535,65535,19660
9353,65535,65535,19660
10061,65535,65535,19660
10784,65535,65535,19660
11494,65535,65535,19660
12208,65535,65535,19660
12928,65535,65535,19660
13667,65535,65535,19660
14437,65535,65535,19660
15209,65535,65535,19660
15986,65535,65535,19660
16764,65535,65535,19660
17538,65535,65535,19660
18313,65535,65535,19660
19081,65535,65535,19660
19845,64610,65535,19660
20602,59900,64610,19660
21347,51465,59900,19660
22078,39375,51465,19660
22776,23795,39375,19660
23408,5055,23795,19660
24014,0,5055,19660
24592,0,0,19660
25211,0,0,19660
25806,0,0,19660
26378,0,0,19660
26925,0,0,19660
27443,0,0,19660
27610,0,0,19660
27601,0,0,19660
27591,0,0,19660
27581,0,0,19660
27572,0,0,19660
27562,0,0,19660
27552,0,0,19660
27542,0,0,19660
27533,0,0,19660
27523,0,0,19660
27513,0,0,19660
27504,0,0,19660
27494,0,0,19660
27484,0,0,19660
27475,0,0,19660
27465,0,0,19660
27456,0,0,19660
27417,0,0,19660
27344,0,0,19660
27243,0,0,19660
27108,0,0,19660
26943,0,0,19660
26746,0,0,19660
26519,0,0,19660
26263,0,0,19660
25979,0,0,19660
25664,0,0,19660
25321,0,0,19660
24949,0,0,19660
24548,0,0,19660
24123,0,0,19660
23198,0,0,19660
22699,0,0,19660
22179,0,0,19660
21639,0,0,19660
21078,0,0,19660
20497,0,0,19660
19899,0,0,19660
19282,1890,0,19660
18652,6929,1889,19660
18007,15194,6929,19660
17350,26743,15193,19660
16684,41623,26743,19660
16012,59863,41623,19660
15336,65535,59863,19660
14655,65535,65535,19660
13970,65535,65535,19660
13281,65535,65535,19660
12590,65535,65535,19660
11898,65535,65535,19660
11206,65535,65535,19660
10512,65535,65535,19660
9826,65535,65535,19660
9143,65535,65535,19660
8468,65535,65535,19660
7800,65535,65535,19660
7143,65535,65535,19660
6499,65535,65535,19660
5869,65535,65535,19660
5257,65535,65535,19660
4660,65535,65535,19660
4079,65535,65535,19660
3518,65535,65535,19660
2982,65535,65535,19660
2466,65535,65535,19660
1975,65535,65535,19660
1508,65535,65535,19660
1070,65535,65535,19660
661,65535,65535,19660
282,65535,65535,19660
0,65535,65535,19660
0,65535,65535,19660
0,65535,65535,19660
0,65535,65535,19660
0,65535,65535,19660
0,65535,65535,19660
0,65535,65535,19660
0,65535,65535,19660
0,65535,65535,19660
0,65535,65535,19660
0,65535,65535,19660
25,65535,65535,19660
84,65535,65535,19660
182,65535,65535,19660
313,65535,65535,19660
478,65535,65535,19660
675,65535,65535,19660
909,65535,65535,19660
1176,65535,65535,19660
1477,65535,65535,19660
1809,65535,65535,19660
2175,65535,65535,19660
2571,65535,65535,19660
2997,65535,65535,19660
3941,65535,65535,19660
3941,65535,65535,19660
4994,65535,65535,19660
5559,65535,65535,19660
6140,65535,65535,19660
6739,65535,65535,19660
7356,65535,65535,19660
7988,65535,65535,19660
8661,65535,65535,19660
9353,65535,65535,19660
10058,65535,65535,19660
10781,65535,65535,19660
11518,65535,65535,19660
12264,65535,65535,19660
13020,65535,65535,19660
13784,65535,65535,19660
14554,65535,65535,19660
15330,65535,65535,19660
16110,65535,65535,19660
16879,65535,65535,19660
17609,65535,65535,19660
18335,65535,65535,19660
19050,65535,65535,19660
19803,64820,65535,19660
20557,60335,64820,19660
21298,52145,60335,19660
22027,40310,52145,19660
22741,24905,40310,19660
23434,6035,24905,19660
24106,0,6035,19660
24749,0,0,19660
25368,0,0,19660
25965,0,0,19660
26536,0,0,19660
27082,0,0,19660
27602,0,0,19660
27744,0,0,19660
27734,0,0,19660
27724,0,0,19660
27714,0,0,19660
27705,0,0,19660
27695,0,0,19660
27685,0,0,19660
27675,0,0,19660
27665,0,0,19660
27656,0,0,19660
27646,0,0,19660
27636,0,0,19660
27626,0,0,19660
27617,0,0,19660
27607,0,0,19660
27597,0,0,19660
27587,0,0,19660
27548,0,0,19660
27475,0,0,19660
27373,0,0,19660
27242,0,0,19660
27077,0,0,19660
26882,0,0,19660
26659,0,0,19660
26402,0,0,19660
26115,0,0,19660
25800,0,0,19660
25455,0,0,19660
25085,0,0,19660
24686,0,0,19660
24263,0,0,19660
23815,0,0,19660
23342,0,0,19660
22845,0,0,19660
22326,0,0,19660
21788,0,0,19660
21228,0,0,19660
20648,0,0,19660
20052,0,0,19660
19440,1100,0,19660
18811,5345,1100,19660
18171,12789,5344,19660
17515,23514,12789,19660
16182,40904,23514,19660
16182,54939,37549,19660
14829,65535,54939,19660
14829,65535,65535,19660
14145,65535,65535,19660
12771,65535,65535,19660
12080,65535,65535,19660
11389,65535,65535,19660
10701,65535,65535,19660
10016,65535,65535,19660
9334,65535,65535,19660
8660,65535,65535,19660
7998,65535,65535,19660
7343,65535,65535,19660
6700,65535,65535,19660
6072,65535,65535,19660
5461,65535,65535,19660
4866,65535,65535,19660
4291,65535,65535,19660
3737,65535,65535,19660
3202,65535,65535,19660
2692,65535,65535,19660
2203,65535,65535,19660
1743,65535,65535,19660
1308,65535,65535,19660
902,65535,65535,19660
525,65535,65535,19660
182,65535,65535,19660
0,65535,65535,19660
0,65535,65535,19660
0,65535,65535,19660
0,65535,65535,19660
0,65535,65535,19660
0,65535,65535,19660
0,65535,65535,19660
0,65535,65535,19660
0,65535,65535,19660
0,65535,65535,19660
33,65535,65535,19660
101,65535,65535,19660
203,65535,65535,19660
338,65535,65535,19660
508,65535,65535,19660
712,65535,65535,19660
951,65535,65535,19660
1224,65535,65535,19660
1531,65535,65535,19660
1873,65535,65535,19660
2243,65535,65535,19660
2637,65535,65535,19660
3064,65535,65535,19660
3519,65535,65535,19660
4007,65535,65535,19660
4527,65535,65535,19660
5072,65535,65535,19660
5643,65535,65535,19660
6237,65535,65535,19660
6857,65535,65535,19660
7494,65535,65535,19660
8154,65535,65535,19660
8832,65535,65535,19660
9527,65535,65535,19660
10240,65535,65535,19660
10945,65535,65535,19660
11653,65535,65535,19660
12370,65535,65535,19660
13092,65535,65535,19660
14628,65535,65535,19660
15404,65535,65535,19660
16181,65535,65535,19660
16959,65535,65535,19660
17734,65535,65535,19660
18506,65535,65535,19660
19273,65535,65535,19660
20034,63665,65535,19660
20787,58030,63665,19660
21532,48670,58030,19660
22263,35655,48670,19660
22936,19275,35655,19660
23561,0,19275,19660
24159,0,0,19660
24730,0,0,19660
25345,0,0,19660
25934,0,0,19660
26498,0,0,19660
27036,0,0,19660
27549,0,0,19660
27586,0,0,19660
27576,0,0,19660
27567,0,0,19660
27557,0,0,19660
27547,0,0,19660
27537,0,0,19660
27528,0,0,19660
27518,0,0,19660
27508,0,0,19660
27499,0,0,19660
27489,0,0,19660
27479,0,0,19660
27470,0,0,19660
27460,0,0,19660
27450,0,0,19660
27441,0,0,19660
27432,0,0,19660
27341,0,0,19660
27151,0,0,19660
27008,0,0,19660
26831,0,0,19660
26626,0,0,19660
26391,0,0,19660
26127,0,0,19660
25834,0,0,19660
25512,0,0,19660
25161,0,0,19660
24781,0,0,19660
24377,0,0,19660
23948,0,0,19660
23494,0,0,19660
23015,0,0,19660
22512,0,0,19660
21989,0,0,19660
21441,0,0,19660
20876,0,0,19660
20292,0,0,19660
19691,0,0,19660
19074,2930,0,19660
18440,9030,2930,19660
17796,18350,9030,19660
17140,30950,18350,19660
16476,46869,30949,19660
15806,65535,46869,19660
15131,65535,65535,19660
14452,65535,65535,19660
13767,65535,65535,19660
13078,65535,65535,19660
12388,65535,65535,19660
11696,65535,65535,19660
11004,65535,65535,19660
10315,65535,65535,19660
9629,65535,65535,19660
8951,65535,65535,19660
8280,65535,65535,19660
7616,65535,65535,19660
6964,65535,65535,19660
6324,65535,65535,19660
5700,65535,65535,19660
5091,65535,65535,19660
4499,65535,65535,19660
3926,65535,65535,19660
3374,65535,65535,19660
2335,65535,65535,19660
1852,65535,65535,19660
1394,65535,65535,19660
965,65535,65535,19660
565,65535,65535,19660
193,65535,65535,19660
0,65535,65535,19660
0,65535,65535,19660
0,65535,65535,19660
0,65535,65535,19660
0,65535,65535,19660
0,65535,65535,19660
0,65535,65535,19660
0,65535,65535,19660
0,65535,65535,19660
0,65535,65535,19660
0,65535,65535,19660
34,65535,65535,19660
102,65535,65535,19660
208,65535,65535,19660
348,65535,65535,19660
521,65535,65535,19660
727,65535,65535,19660
968,65535,65535,19660
1243,65535,65535,19660
1553,65535,65535,19660
1893,65535,65535,19660
2268,65535,65535,19660
2672,65535,65535,19660
3107,65535,65535,19660
3575,65535,65535,19660
4104,65535,65535,19660
4652,65535,65535,19660
5226,65535,65535,19660
5817,65535,65535,19660
6425,65535,65535,19660
7051,65535,65535,19660
7696,65535,65535,19660
8383,65535,65535,19660
9087,65535,65535,19660
9809,65535,65535,19660
10544,65535,65535,19660
11294,65535,65535,19660
12057,65535,65535,19660
12830,65535,65535,19660
13612,65535,65535,19660
14399,65535,65535,19660
15191,65535,65535,19660
15989,65535,65535,19660
16765,65535,65535,19660
17516,65535,65535,19660
18259,65535,65535,19660
18994,65535,65535,19660
19772,64975,65535,19660
20543,60560,64975,19660
21306,52329,60559,19660
22056,40349,52329,19660
22787,24714,40349,19660
23497,5529,24714,19660
24185,0,5529,19660
24849,0,0,19660
25490,0,0,19660
26104,0,0,19660
26696,0,0,19660
27263,0,0,19660
27753,0,0,19660
27744,0,0,19660
27734,0,0,19660
27724,0,0,19660
27714,0,0,19660
27704,0,0,19660
27694,0,0,19660
27675,0,0,19660
27665,0,0,19660
27655,0,0,19660
27645,0,0,19660
27635,0,0,19660
27626,0,0,19660
27616,0,0,19660
27606,0,0,19660
27596,0,0,19660
27587,0,0,19660
27564,0,0,19660
27508,0,0,19660
27423,0,0,19660
27308,0,0,19660
27160,0,0,19660
26982,0,0,19660
26771,0,0,19660
26531,0,0,19660
26261,0,0,19660
25963,0,0,19660
25635,0,0,19660
25277,0,0,19660
24896,0,0,19660
24485,0,0,19660
24049,0,0,19660
23589,0,0,19660
23103,0,0,19660
22598,0,0,19660
22067,0,0,19660
21516,0,0,19660
20949,0,0,19660
20361,0,0,19660
19757,0,0,19660
19137,2615,0,19660
18500,8415,2615,19660
17852,17455,8415,19660
17193,33085,20750,19660
16529,48740,33085,19660
15856,65535,48740,19660
15182,65535,65535,19660
14503,65535,65535,19660
13820,65535,65535,19660
13131,65535,65535,19660
12441,65535,65535,19660
11750,65535,65535,19660
11062,65535,65535,19660
10374,65535,65535,19660
9692,65535,65535,19660
9015,65535,65535,19660
8344,65535,65535,19660
7685,65535,65535,19660
7038,65535,65535,19660
6403,65535,65535,19660
5783,65535,65535,19660
5180,65535,65535,19660
4593,65535,65535,19660
4026,65535,65535,19660
3480,65535,65535,19660
2958,65535,65535,19660
2456,65535,65535,19660
1980,65535,65535,19660
1532,65535,65535,19660
1114,65535,65535,19660
724,65535,65535,19660
364,65535,65535,19660
33,65535,65535,19660
0,65535,65535,19660
0,65535,65535,19660
0,65535,65535,19660
0,65535,65535,19660
0,65535,65535,19660
0,65535,65535,19660
0,65535,65535,19660
0,65535,65535,19660
0,65535,65535,19660
16,65535,65535,19660
67,65535,65535,19660
152,65535,65535,19660
271,65535,65535,19660
424,65535,65535,19660
611,65535,65535,19660
832,65535,65535,19660
1088,65535,65535,19660
1378,65535,65535,19660
1703,65535,65535,19660
2057,65535,65535,19660
2442,65535,65535,19660
2853,65535,65535,19660
3292,65535,65535,19660
3758,65535,65535,19660
4259,65535,65535,19660
4791,65535,65535,19660
5349,65535,65535,19660
5929,65535,65535,19660
6536,65535,65535,19660
7163,65535,65535,19660
7814,65535,65535,19660
8482,65535,65535,19660
9168,65535,65535,19660
9871,65535,65535,19660
10588,65535,65535,19660
11322,65535,65535,19660
12040,65535,65535,19660
12762,65535,65535,19660
13485,65535,65535,19660
14213,65535,65535,19660
14983,65535,65535,19660
15759,65535,65535,19660
16536,65535,65535,19660
17309,65535,65535,19660
18084,65535,65535,19660
18850,65535,65535,19660
19613,65535,65535,19660
20369,61990,65535,19660
21118,54699,61989,19660
21853,43734,54699,19660
22574,29163,43733,19660
23275,11088,29163,19660
23936,0,11088,19660
24524,0,0,19660
25083,0,0,19660
25616,0,0,19660
26191,0,0,19660
26742,0,0,19660
27267,0,0,19660
27586,0,0,19660
27577,0,0,19660
27567,0,0,19660
27557,0,0,19660
27548,0,0,19660
27538,0,0,19660
27528,0,0,19660
27518,0,0,19660
27509,0,0,19660
27499,0,0,19660
27489,0,0,19660
27480,0,0,19660
27470,0,0,19660
27460,0,0,19660
27451,0,0,19660
27441,0,0,19660
27432,0,0,19660
27397,0,0,19660
27333,0,0,19660
27235,0,0,19660
27109,0,0,19660
26949,0,0,19660
26760,0,0,19660
26542,0,0,19660
26290,0,0,19660
26010,0,0,19660
25361,0,0,19660
24994,0,0,19660
24602,0,0,19660
24181,0,0,19660
23735,0,0,19660
23265,0,0,19660
23265,0,0,19660
22255,0,0,19660
21719,0,0,19660
21163,0,0,19660
20587,0,0,19660
19990,0,0,19660
19377,1415,0,19660
18752,5955,1415,19660
18111,9160,1415,19660
17459,24705,13700,19660
16796,39025,24705,19660
16129,56680,39025,19660
15453,65535,56680,19660
14776,65535,65535,19660
14092,65535,65535,19660
13404,65535,65535,19660
12714,65535,65535,19660
12023,65535,65535,19660
11331,65535,65535,19660
10639,65535,65535,19660
9949,65535,65535,19660
9267,65535,65535,19660
8593,65535,65535,19660
7925,65535,65535,19660
7266,65535,65535,19660
6617,65535,65535,19660
5985,65535,65535,19660
5365,65535,65535,19660
4764,65535,65535,19660
4180,65535,65535,19660
3616,65535,65535,19660
3072,65535,65535,19660
2552,65535,65535,19660
2057,65535,65535,19660
1587,65535,65535,19660
1141,65535,65535,19660
724,65535,65535,19660
336,65535,65535,19660
0,65535,65535,19660
0,65535,65535,19660
0,65535,65535,19660
0,65535,65535,19660
0,65535,65535,19660
0,65535,65535,19660
0,65535,65535,19660
0,65535,65535,19660
0,65535,65535,19660
0,65535,65535,19660
0,65535,65535,19660
17,65535,65535,19660
68,65535,65535,19660
153,65535,65535,19660
276,65535,65535,19660
433,65535,65535,19660
623,65535,65535,19660
846,65535,65535,19660
1105,65535,65535,19660
1398,65535,65535,19660
1721,65535,65535,19660
2078,65535,65535,19660
2466,65535,65535,19660
2884,65535,65535,19660
3332,65535,65535,19660
3810,65535,65535,19660
4319,65535,65535,19660
4855,65535,65535,19660
5413,65535,65535,19660
5984,65535,65535,19660
6574,65535,65535,19660
7186,65535,65535,19660
7827,65535,65535,19660
8497,65535,65535,19660
9185,65535,65535,19660
9890,65535,65535,19660
10609,65535,65535,19660
11342,65535,65535,19660
12088,65535,65535,19660
12844,65535,65535,19660
13609,65535,65535,19660
14379,65535,65535,19660
15155,65535,65535,19660
15927,65535,65535,19660
16663,65535,65535,19660
17396,65535,65535,19660
18121,65535,65535,19660
18875,65535,65535,19660
19636,65535,65535,19660
20390,61885,65535,19660
21136,54504,61884,19660
21870,43454,54504,19660
22589,28808,43453,19660
23288,10668,28808,19660
23965,0,10667,19660
24615,0,0,19660
25243,0,0,19660
25845,0,0,19660
26425,0,0,19660
26979,0,0,19660
27507,0,0,19660
27761,0,0,19660
27751,0,0,19660
27741,0,0,19660
27731,0,0,19660
27721,0,0,19660
27711,0,0,19660
27702,0,0,19660
27692,0,0,19660
27682,0,0,19660
27672,0,0,19660
27663,0,0,19660
27653,0,0,19660
27643,0,0,19660
27633,0,0,19660
27623,0,0,19660
27614,0,0,19660
27604,0,0,19660
27573,0,0,19660
27509,0,0,19660
27415,0,0,19660
27292,0,0,19660
27135,0,0,19660
26949,0,0,19660
26734,0,0,19660
26485,0,0,19660
26207,0,0,19660
25899,0,0,19660
25562,0,0,19660
25201,0,0,19660
24810,0,0,19660
24395,0,0,19660
23955,0,0,19660
23490,0,0,19660
23001,0,0,19660
22486,0,0,19660
21951,0,0,19660
21396,0,0,19660
20820,0,0,19660
20228,0,0,19660
19619,205,0,19660
18994,3535,205,19660
18357,10050,3535,19660
17704,19830,10050,19660
17045,32905,19830,19660
16377,49320,32905,19660
15703,65535,49320,19660
15025,65535,65535,19660
14345,65535,65535,19660
13661,65535,65535,19660
12971,65535,65535,19660
12280,65535,65535,19660
11589,65535,65535,19660
10901,65535,65535,19660
10216,65535,65535,19660
9534,65535,65535,19660
8860,65535,65535,19660
8193,65535,65535,19660
7538,65535,65535,19660
6894,65535,65535,19660
6263,65535,65535,19660
5069,65535,65535,19660
4490,65535,65535,19660
3926,65535,65535,19660
3388,65535,65535,19660
2870,65535,65535,19660
2377,65535,65535,19660
1908,65535,65535,19660
1469,65535,65535,19660
1054,65535,65535,19660
669,65535,65535,19660
317,65535,65535,19660
0,65535,65535,19660
0,65535,65535,19660
0,65535,65535,19660
0,65535,65535,19660
0,65535,65535,19660
0,65535,65535,19660
0,65535,65535,19660
0,65535,65535,19660
0,65535,65535,19660
0,65535,65535,19660
25,65535,65535,19660
84,65535,65535,19660
177,65535,65535,19660
305,65535,65535,19660
466,65535,65535,19660
662,65535,65535,19660
892,65535,65535,19660
1157,65535,65535,19660
1455,65535,65535,19660
1788,65535,65535,19660
2147,65535,65535,19660
2538,65535,65535,19660
2956,65535,65535,19660
3403,65535,65535,19660
3887,65535,65535,19660
4398,65535,65535,19660
4935,65535,65535,19660
5497,65535,65535,19660
6086,65535,65535,19660
6697,65535,65535,19660
7331,65535,65535,19660
7986,65535,65535,19660
8659,65535,65535,19660
9349,65535,65535,19660
10058,65535,65535,19660
10773,65535,65535,19660
11478,65535,65535,19660
12192,65535,65535,19660
12911,65535,65535,19660
13662,65535,65535,19660
14429,65535,65535,19660
15201,65535,65535,19660
15978,65535,65535,19660
16756,65535,65535,19660
17531,65535,65535,19660
18307,65535,65535,19660
19075,65535,65535,19660
19840,64635,65535,19660
20597,59950,64635,19660
21342,51540,59950,19660
22059,39545,51540,19660
22714,24275,39545,19660
23344,2704,21124,19660
23947,0,2703,19660
24590,0,0,19660
25210,0,0,19660
25810,0,0,19660
26382,0,0,19660
26930,0,0,19660
27448,0,0,19660
27628,0,0,19660
27618,0,0,19660
27609,0,0,19660
27599,0,0,19660
27589,0,0,19660
27580,0,0,19660
27570,0,0,19660
27560,0,0,19660
27550,0,0,19660
27541,0,0,19660
27531,0,0,19660
27521,0,0,19660
27512,0,0,19660
27502,0,0,19660
27492,0,0,19660
27483,0,0,19660
27473,0,0,19660
27434,0,0,19660
27362,0,0,19660
27260,0,0,19660
27129,0,0,19660
26965,0,0,19660
26771,0,0,19660
26544,0,0,19660
26288,0,0,19660
26003,0,0,19660
25689,0,0,19660
25346,0,0,19660
24973,0,0,19660
24576,0,0,19660
24155,0,0,19660
23705,0,0,19660
23229,0,0,19660
22734,0,0,19660
22214,0,0,19660
21673,0,0,19660
21112,0,0,19660
20530,0,0,19660
19933,0,0,19660
19319,1705,0,19660
18689,6560,1705,19660
18047,14625,6560,19660
17394,25955,14625,19660
16731,40600,25955,19660
16059,58605,40600,19660
15382,65535,58605,19660
14705,65535,65535,19660
14020,65535,65535,19660
13334,65535,65535,19660
12643,65535,65535,19660
11951,65535,65535,19660
11258,65535,65535,19660
10568,65535,65535,19660
9882,65535,65535,19660
9199,65535,65535,19660
8522,65535,65535,19660
7858,65535,65535,19660
7202,65535,65535,19660
6557,65535,65535,19660
5927,65535,65535,19660
5314,65535,65535,19660
4136,65535,65535,19660
3575,65535,65535,19660
3039,65535,65535,19660
2522,65535,65535,19660
2031,65535,65535,19660
1568,65535,65535,19660
1130,65535,65535,19660
721,65535,65535,19660
341,65535,65535,19660
0,65535,65535,19660
0,65535,65535,19660
0,65535,65535,19660
0,65535,65535,19660
0,65535,65535,19660
0,65535,65535,19660
0,65535,65535,19660
0,65535,65535,19660
0,65535,65535,19660
0,65535,65535,19660
0,65535,65535,19660
25,65535,65535,19660
88,65535,65535,19660
186,65535,65535,19660
317,65535,65535,19660
481,65535,65535,19660
681,65535,65535,19660
914,65535,65535,19660
1182,65535,65535,19660
1483,65535,65535,19660
1815,65535,65535,19660
2182,65535,65535,19660
2579,65535,65535,19660
3005,65535,65535,19660
3463,65535,65535,19660
3950,65535,65535,19660
4468,65535,65535,19660
5004,65535,65535,19660
5559,65535,65535,19660
6136,65535,65535,19660
6732,65535,65535,19660
7367,65535,65535,19660
8024,65535,65535,19660
8699,65535,65535,19660
9391,65535,65535,19660
10102,65535,65535,19660
10826,65535,65535,19660
11564,65535,65535,19660
12311,65535,65535,19660
13067,65535,65535,19660
13833,65535,65535,19660
14604,65535,65535,19660
15365,65535,65535,19660
16102,65535,65535,19660
16835,65535,65535,19660
17566,65535,65535,19660
18338,65535,65535,19660
19104,65535,65535,19660
19866,64505,65535,19660
20621,59700,64505,19660
21364,51180,59700,19660
22093,39015,51180,19660
22808,23275,39015,19660
23502,4065,23275,19660
24173,0,710,19660
24816,0,0,19660
25435,0,0,19660
26033,0,0,19660
26605,0,0,19660
27151,0,0,19660
27672,0,0,19660
27780,0,0,19660
27770,0,0,19660
27761,0,0,19660
27751,0,0,19660
27741,0,0,19660
27731,0,0,19660
27721,0,0,19660
27711,0,0,19660
27702,0,0,19660
27692,0,0,19660
27682,0,0,19660
27672,0,0,19660
27662,0,0,19660
27653,0,0,19660
27643,0,0,19660
27633,0,0,19660
27623,0,0,19660
27584,0,0,19660
27515,0,0,19660
27413,0,0,19660
27281,0,0,19660
27120,0,0,19660
26926,0,0,19660
26702,0,0,19660
26448,0,0,19660
26166,0,0,19660
25854,0,0,19660
25513,0,0,19660
25143,0,0,19660
24748,0,0,19660
24324,0,0,19660
23875,0,0,19660
23402,0,0,19660
22908,0,0,19660
22389,0,0,19660
21849,0,0,19660
21289,0,0,19660
20709,0,0,19660
20112,0,0,19660
19499,805,0,19660
18869,4760,805,19660
18228,15125,7965,19660
17576,25544,15124,19660
16913,39279,25544,19660
16246,56349,39279,19660
15573,65535,56349,19660
14895,65535,65535,19660
14215,65535,65535,19660
13530,65535,65535,19660
12839,65535,65535,19660
12147,65535,65535,19660
11459,65535,65535,19660
10770,65535,65535,19660
10084,65535,65535,19660
9406,65535,65535,19660
8735,65535,65535,19660
8072,65535,65535,19660
7420,65535,65535,19660
6780,65535,65535,19660
6152,65535,65535,19660
5540,65535,65535,19660
4944,65535,65535,19660
4368,65535,65535,19660
3813,65535,65535,19660
3278,65535,65535,19660
2768,65535,65535,19660
2282,65535,65535,19660
1821,65535,65535,19660
1390,65535,65535,19660
987,65535,65535,19660
614,65535,65535,19660
270,65535,65535,19660
0,65535,65535,19660
0,65535,65535,19660
0,65535,65535,19660
0,65535,65535,19660
0,65535,65535,19660
0,65535,65535,19660
0,65535,65535,19660
0,65535,65535,19660
0,65535,65535,19660
0,65535,65535,19660
33,65535,65535,19660
101,65535,65535,19660
203,65535,65535,19660
339,65535,65535,19660
513,65535,65535,19660
722,65535,65535,19660
965,65535,65535,19660
1238,65535,65535,19660
1544,65535,65535,19660
1881,65535,65535,19660
2250,65535,65535,19660
2647,65535,65535,19660
3080,65535,65535,19660
3544,65535,65535,19660
4033,65535,65535,19660
4554,65535,65535,19660
5099,65535,65535,19660
5672,65535,65535,19660
6266,65535,65535,19660
6887,65535,65535,19660
7530,65535,65535,19660
8190,65535,65535,19660
8873,65535,65535,19660
9555,65535,65535,19660
10240,65535,65535,19660
10939,65535,65535,19660
11648,65535,65535,19660
12395,65535,65535,19660
13153,65535,65535,19660
13919,65535,65535,19660
14692,65535,65535,19660
15465,65535,65535,19660
16243,65535,65535,19660
17022,65535,65535,19660
17798,65535,65535,19660
18570,65535,65535,19660
19339,65535,65535,19660
20101,63330,65535,19660
20847,57395,63330,19660
21537,48010,57395,19660
22206,35280,48010,19660
22851,16100,32055,19660
23504,0,16100,19660
24165,0,0,19660
24799,0,0,19660
25411,0,0,19660
26001,0,0,19660
26565,0,0,19660
27104,0,0,19660
27614,0,0,19660
27626,0,0,19660
27616,0,0,19660
27606,0,0,19660
27596,0,0,19660
27587,0,0,19660
27577,0,0,19660
27567,0,0,19660
27557,0,0,19660
27548,0,0,19660
27538,0,0,19660
27528,0,0,19660
27519,0,0,19660
27509,0,0,19660
27499,0,0,19660
27490,0,0,19660
27480,0,0,19660
27462,0,0,19660
27414,0,0,19660
27334,0,0,19660
27224,0,0,19660
27080,0,0,19660
26907,0,0,19660
26701,0,0,19660
26466,0,0,19660
26202,0,0,19660
25586,0,0,19660
25586,0,0,19660
25234,0,0,19660
24853,0,0,19660
24448,0,0,19660
24019,0,0,19660
23564,0,0,19660
22581,0,0,19660
22057,0,0,19660
21508,0,0,19660
20943,0,0,19660
20357,0,0,19660
19756,0,0,19660
19138,2610,0,19660
18503,8395,2610,19660
17858,17405,8395,19660
17201,29700,17405,19660
16535,45325,29700,19660
15864,64305,45325,19660
15188,65535,65535,19660
14508,65535,65535,19660
13823,65535,65535,19660
13133,65535,65535,19660
12441,65535,65535,19660
11749,65535,65535,19660
11056,65535,65535,19660
10366,65535,65535,19660
9679,65535,65535,19660
9000,65535,65535,19660
8328,65535,65535,19660
7663,65535,65535,19660
7011,65535,65535,19660
6370,65535,65535,19660
5744,65535,65535,19660
5135,65535,65535,19660
4542,65535,65535,19660
3968,65535,65535,19660
3415,65535,65535,19660
2883,65535,65535,19660
2375,65535,65535,19660
1892,65535,65535,19660
1433,65535,65535,19660
1003,65535,65535,19660
603,65535,65535,19660
231,65535,65535,19660
0,65535,65535,19660
0,65535,65535,19660
0,65535,65535,19660
0,65535,65535,19660
0,65535,65535,19660
0,65535,65535,19660
0,65535,65535,19660
0,65535,65535,19660
0,65535,65535,19660
0,65535,65535,19660
0,65535,65535,19660
38,65535,65535,19660
110,65535,65535,19660
216,65535,65535,19660
355,65535,65535,19660
532,65535,65535,19660
744,65535,65535,19660
986,65535,65535,19660
1262,65535,65535,19660
1572,65535,65535,19660
1912,65535,65535,19660
2287,65535,65535,19660
2691,65535,65535,19660
3127,65535,65535,19660
3593,65535,65535,19660
4092,65535,65535,19660
4619,65535,65535,19660
5166,65535,65535,19660
5730,65535,65535,19660
6313,65535,65535,19660
6914,65535,65535,19660
7534,65535,65535,19660
8194,65535,65535,19660
8873,65535,65535,19660
9569,65535,65535,19660
10284,65535,65535,19660
11011,65535,65535,19660
11749,65535,65535,19660
12500,65535,65535,19660
13260,65535,65535,19660
14025,65535,65535,19660
14800,65535,65535,19660
15576,65535,65535,19660
16350,65535,65535,19660
17086,65535,65535,19660
17813,65535,65535,19660
18533,65535,65535,19660
19277,65535,65535,19660
20034,63665,65535,19660
20784,58045,63665,19660
21522,45045,54355,19660
22244,32125,45045,19660
22952,15665,32125,19660
23638,0,15665,19660
24297,0,0,19660
24934,0,0,19660
25548,0,0,19660
26137,0,0,19660
26703,0,0,19660
27240,0,0,19660
27743,0,0,19660
27723,0,0,19660
27723,0,0,19660
27713,0,0,19660
27694,0,0,19660
27684,0,0,19660
27674,0,0,19660
27664,0,0,19660
27654,0,0,19660
27644,0,0,19660
27635,0,0,19660
27625,0,0,19660
27615,0,0,19660
27596,0,0,19660
27586,0,0,19660
27568,0,0,19660
27520,0,0,19660
27439,0,0,19660
27328,0,0,19660
27184,0,0,19660
27011,0,0,19660
26808,0,0,19660
26572,0,0,19660
26307,0,0,19660
26013,0,0,19660
25689,0,0,19660
25340,0,0,19660
24962,0,0,19660
24555,0,0,19660
24124,0,0,19660
23667,0,0,19660
23186,0,0,19660
22685,0,0,19660
21618,0,0,19660
21027,0,0,19660
20444,0,0,19660
19844,0,0,19660
19228,2160,0,19660
18595,7485,2160,19660
17951,16030,7485,19660
17296,27850,16030,19660
16631,46319,31174,19660
15962,64809,46319,19660
15288,65535,64809,19660
14613,65535,65535,19660
13933,65535,65535,19660
13249,65535,65535,19660
12559,65535,65535,19660
11869,65535,65535,19660
11181,65535,65535,19660
10497,65535,65535,19660
9816,65535,65535,19660
9138,65535,65535,19660
8468,65535,65535,19660
7809,65535,65535,19660
7163,65535,65535,19660
6528,65535,65535,19660
5904,65535,65535,19660
5297,65535,65535,19660
4710,65535,65535,19660
4137,65535,65535,19660
3593,65535,65535,19660
3068,65535,65535,19660
2566,65535,65535,19660
2098,65535,65535,19660
1646,65535,65535,19660
1223,65535,65535,19660
830,65535,65535,19660
130,65535,65535,19660
130,65535,65535,19660
0,65535,65535,19660
0,65535,65535,19660
0,65535,65535,19660
0,65535,65535,19660
0,65535,65535,19660
0,65535,65535,19660
0,65535,65535,19660
0,65535,65535,19660
12,65535,65535,19660
58,65535,65535,19660
139,65535,65535,19660
253,65535,65535,19660
402,65535,65535,19660
584,65535,65535,19660
801,65535,65535,19660
1053,65535,65535,19660
1339,65535,65535,19660
1659,65535,65535,19660
2009,65535,65535,19660
2389,65535,65535,19660
2796,65535,65535,19660
3231,65535,65535,19660
3693,65535,65535,19660
4195,65535,65535,19660
4723,65535,65535,19660
5277,65535,65535,19660
5857,65535,65535,19660
6459,65535,65535,19660
7082,65535,65535,19660
7729,65535,65535,19660
8397,65535,65535,19660
9083,65535,65535,19660
9786,65535,65535,19660
10504,65535,65535,19660
11226,65535,65535,19660
11938,65535,65535,19660
12655,65535,65535,19660
13378,65535,65535,19660
14137,65535,65535,19660
14908,65535,65535,19660
15685,65535,65535,19660
16463,65535,65535,19660
17241,65535,65535,19660
18017,65535,65535,19660
18788,65535,65535,19660
19552,65535,65535,19660
20313,62270,65535,19660
21063,55254,62269,19660
21799,44559,55254,19660
22498,30369,44559,19660
23137,12983,30368,19660
23754,0,12983,19660
24340,0,0,19660
24968,0,0,19660
25576,0,0,19660
26157,0,0,19660
26713,0,0,19660
27243,0,0,19660
27619,0,0,19660
27609,0,0,19660
27599,0,0,19660
27590,0,0,19660
27580,0,0,19660
27570,0,0,19660
27560,0,0,19660
27551,0,0,19660
27541,0,0,19660
27531,0,0,19660
27522,0,0,19660
27512,0,0,19660
27502,0,0,19660
27493,0,0,19660
27483,0,0,19660
27473,0,0,19660
27437,0,0,19660
27377,0,0,19660
27288,0,0,19660
27166,0,0,19660
27014,0,0,19660
26829,0,0,19660
26614,0,0,19660
26371,0,0,19660
26099,0,0,19660
25797,0,0,19660
25467,0,0,19660
25107,0,0,19660
24718,0,0,19660
24305,0,0,19660
23868,0,0,19660
23405,0,0,19660
22918,0,0,19660
22406,0,0,19660
21874,0,0,19660
21321,0,0,19660
20748,0,0,19660
20159,0,0,19660
19549,1110,555,19660
18923,4795,1110,19660
18286,14850,7980,19660
17638,24960,14850,19660
16979,38365,24960,19660
16311,55110,38365,19660
15638,65535,55110,19660
14960,65535,65535,19660
14280,65535,65535,19660
12904,65535,65535,19660
12904,65535,65535,19660
11520,65535,65535,19660
10827,65535,65535,19660
10136,65535,65535,19660
9454,65535,65535,19660
8774,65535,65535,19660
8102,65535,65535,19660
7442,65535,65535,19660
6793,65535,65535,19660
6156,65535,65535,19660
5535,65535,65535,19660
4930,65535,65535,19660
4340,65535,65535,19660
3772,65535,65535,19660
3223,65535,65535,19660
2698,65535,65535,19660
2199,65535,65535,19660
1724,65535,65535,19660
1273,65535,65535,19660
852,65535,65535,19660
460,65535,65535,19660
101,65535,65535,19660
0,65535,65535,19660
0,65535,65535,19660
0,65535,65535,19660
0,65535,65535,19660
0,65535,65535,19660
0,65535,65535,19660
0,65535,65535,19660
0,65535,65535,19660
0,65535,65535,19660
0,65535,65535,19660
12,65535,65535,19660
59,65535,65535,19660
139,65535,65535,19660
257,65535,65535,19660
409,65535,65535,19660
595,65535,65535,19660
815,65535,65535,19660
1069,65535,65535,19660
1358,65535,65535,19660
1677,65535,65535,19660
2030,65535,65535,19660
2414,65535,65535,19660
2828,65535,65535,19660
3272,65535,65535,19660
3746,65535,65535,19660
4250,65535,65535,19660
4781,65535,65535,19660
5332,65535,65535,19660
5898,65535,65535,19660
6488,65535,65535,19660
7096,65535,65535,19660
7744,65535,65535,19660
8409,65535,65535,19660
9093,65535,65535,19660
9794,65535,65535,19660
10514,65535,65535,19660
11247,65535,65535,19660
11989,65535,65535,19660
12745,65535,65535,19660
13506,65535,65535,19660
14277,65535,65535,19660
15053,65535,65535,19660
15807,65535,65535,19660
16543,65535,65535,19660
17275,65535,65535,19660
18000,65535,65535,19660
18767,65535,65535,19660
19533,65535,65535,19660
20291,62380,62379,19660
21772,44919,55479,19660
22491,27169,41324,19660
23194,9499,27169,19660
23874,0,9499,19660
24528,0,0,19660
25156,0,0,19660
25762,0,0,19660
26346,0,0,19660
26904,0,0,19660
27437,0,0,19660
27760,0,0,19660
27750,0,0,19660
27740,0,0,19660
27731,0,0,19660
27721,0,0,19660
27711,0,0,19660
27701,0,0,19660
27682,0,0,19660
27672,0,0,19660
27662,0,0,19660
27652,0,0,19660
27642,0,0,19660
27633,0,0,19660
27623,0,0,19660
27613,0,0,19660
27603,0,0,19660
27577,0,0,19660
27521,0,0,19660
27431,0,0,19660
27312,0,0,19660
27160,0,0,19660
26978,0,0,19660
26766,0,0,19660
26526,0,0,19660
26256,0,0,19660
25953,0,0,19660
25621,0,0,19660
25263,0,0,19660
24877,0,0,19660
24466,0,0,19660
24030,0,0,19660
23570,0,0,19660
23084,0,0,19660
22574,0,0,19660
22043,0,0,19660
21492,0,0,19660
20920,0,0,19660
20332,0,0,19660
19727,0,0,19660
19107,2765,0,19660
18470,8715,2765,19660
17821,17910,8715,19660
17162,30400,17910,19660
16497,46214,30399,19660
15823,65399,46214,19660
15148,65535,65399,19660
14469,65535,65535,19660
13785,65535,65535,19660
13095,65535,65535,19660
12405,65535,65535,19660
11714,65535,65535,19660
11026,65535,65535,19660
10341,65535,65535,19660
9659,65535,65535,19660
8319,65535,65535,19660
7660,65535,65535,19660
7012,65535,65535,19660
6381,65535,65535,19660
5761,65535,65535,19660
5158,65535,65535,19660
4574,65535,65535,19660
4011,65535,65535,19660
3469,65535,65535,19660
2947,65535,65535,19660
2449,65535,65535,19660
1977,65535,65535,19660
1533,65535,65535,19660
1114,65535,65535,19660
724,65535,65535,19660
368,65535,65535,19660
41,65535,65535,19660
0,65535,65535,19660
0,65535,65535,19660
0,65535,65535,19660
0,65535,65535,19660
0,65535,65535,19660
0,65535,65535,19660
0,65535,65535,19660
0,65535,65535,19660
0,65535,65535,19660
21,65535,65535,19660
76,65535,65535,19660
165,65535,65535,19660
288,65535,65535,19660
445,65535,65535,19660
637,65535,65535,19660
862,65535,65535,19660
1123,65535,65535,19660
1417,65535,65535,19660
1741,65535,65535,19660
2095,65535,65535,19660
2477,65535,65535,19660
2891,65535,65535,19660
3333,65535,65535,19660
3813,65535,65535,19660
4320,65535,65535,19660
4852,65535,65535,19660
5410,65535,65535,19660
5994,65535,65535,19660
6601,65535,65535,19660
7229,65535,65535,19660
7879,65535,65535,19660
8552,65535,65535,19660
9242,65535,65535,19660
9946,65535,65535,19660
10668,65535,65535,19660
11391,65535,65535,19660
12107,65535,65535,19660
12828,65535,65535,19660
13553,65535,65535,19660
14319,65535,65535,19660
15091,65535,65535,19660
15868,65535,65535,19660
16646,65535,65535,19660
17421,65535,65535,19660
18196,65535,65535,19660
18968,65535,65535,19660
19733,65170,65535,19660
20490,61020,65170,19660
21239,53124,61019,19660
21975,41549,53124,19660
22655,26574,41549,19660
23292,8414,26574,19660
24481,0,8414,19660
25104,0,0,19660
25703,0,0,19660
26279,0,0,19660
26830,0,0,19660
27352,0,0,19660
27596,0,0,19660
27586,0,0,19660
27576,0,0,19660
27567,0,0,19660
27557,0,0,19660
27547,0,0,19660
27537,0,0,19660
27528,0,0,19660
27518,0,0,19660
27508,0,0,19660
27499,0,0,19660
27489,0,0,19660
27479,0,0,19660
27470,0,0,19660
27460,0,0,19660
27450,0,0,19660
27441,0,0,19660
27406,0,0,19660
27338,0,0,19660
27240,0,0,19660
27110,0,0,19660
26950,0,0,19660
26756,0,0,19660
26534,0,0,19660
26283,0,0,19660
26002,0,0,19660
25692,0,0,19660
25353,0,0,19660
24986,0,0,19660
24593,0,0,19660
24172,0,0,19660
23727,0,0,19660
23256,0,0,19660
22761,0,0,19660
22246,0,0,19660
21706,0,0,19660
21145,0,0,19660
20569,0,0,19660
19972,0,0,19660
19358,1510,0,19660
18729,6165,1510,19660
18088,14025,6165,19660
17436,25145,14025,19660
16773,39580,25145,19660
16102,57370,39580,19660
15425,65535,57370,19660
14748,65535,65535,19660
14064,65535,65535,19660
13375,65535,65535,19660
12685,65535,65535,19660
11994,65535,65535,19660
11302,65535,65535,19660
9919,65535,65535,19660
9237,65535,65535,19660
8562,65535,65535,19660
7895,65535,65535,19660
7239,65535,65535,19660
6595,65535,65535,19660
5962,65535,65535,19660
5346,65535,65535,19660
4745,65535,65535,19660
4165,65535,65535,19660
3600,65535,65535,19660
3060,65535,65535,19660
2541,65535,65535,19660
2045,65535,65535,19660
1575,65535,65535,19660
1133,65535,65535,19660
720,65535,65535,19660
336,65535,65535,19660
0,65535,65535,19660
0,65535,65535,19660
0,65535,65535,19660
0,65535,65535,19660
0,65535,65535,19660
0,65535,65535,19660
0,65535,65535,19660
0,65535,65535,19660
0,65535,65535,19660
0,65535,65535,19660
0,65535,65535,19660
21,65535,65535,19660
76,65535,65535,19660
166,65535,65535,19660
293,65535,65535,19660
454,65535,65535,19660
648,65535,65535,19660
875,65535,65535,19660
1137,65535,65535,19660
1434,65535,65535,19660
1761,65535,65535,19660
2122,65535,65535,19660
2514,65535,65535,19660
2936,65535,65535,19660
3388,65535,65535,19660
3870,65535,65535,19660
4379,65535,65535,19660
4914,65535,65535,19660
5474,65535,65535,19660
6062,65535,65535,19660
6664,65535,65535,19660
7279,65535,65535,19660
7912,65535,65535,19660
8560,65535,65535,19660
9246,65535,65535,19660
9951,65535,65535,19660
10669,65535,65535,19660
11401,65535,65535,19660
12147,65535,65535,19660
12902,65535,65535,19660
13666,65535,65535,19660
14436,65535,65535,19660
15211,65535,65535,19660
15991,65535,65535,19660
17532,65535,65535,19660
