IW8,MW2,QW2,IW4
55163,55295,0,65535
54941,55295,0,0
54802,55295,0,0
54871,55295,0,0
54940,55295,0,0
54940,55295,0,0
55077,55295,0,0
55145,55295,0,0
55214,55295,0,0
55214,55295,0,0
55350,55295,35199,0
55417,55295,65535,35199
55478,55295,65535,35199
55383,55295,65535,65535
55159,55295,0,65535
54936,55295,0,0
54726,55295,0,0
54794,55295,0,0
54861,55295,0,0
54929,55295,0,0
54996,55295,0,0
55060,55295,0,0
55115,55295,0,0
55155,55295,0,0
55175,55295,0,0
55163,55295,0,0
55125,55295,0,0
55088,55295,0,0
55050,55295,0,0
55013,55295,0,0
54975,55295,0,0
54938,55295,0,0
54900,55295,0,0
54863,55295,0,0
54825,55295,0,0
54787,55295,0,0
54750,55295,0,0
54713,55295,0,0
54675,55295,0,0
54638,55295,0,0
54601,55295,0,0
54563,55295,0,0
54526,55295,0,0
54489,55295,0,0
54452,55295,0,0
54415,55295,0,0
54378,55295,0,0
54341,55295,0,0
54304,55295,0,0
54267,55295,0,0
54230,55295,0,0
54193,55295,0,0
54157,55295,0,0
54120,55295,0,0
54083,55295,0,0
54047,55295,0,0
54010,55295,0,0
53974,55295,0,0
53938,55295,0,0
53901,55295,0,0
53865,55295,0,0
53829,55295,0,0
53793,55295,0,0
53757,55295,0,0
53722,55295,0,0
53686,55295,0,0
53650,55295,0,0
53615,55295,0,0
53579,55295,0,0
53544,55295,0,0
53509,55295,0,0
53474,55295,0,0
53439,55295,0,0
53409,55295,0,0
53388,55295,0,0
53387,55295,0,0
53406,55295,0,0
53450,55295,0,0
53519,55295,0,0
53589,55295,0,0
53658,55295,0,0
53728,55295,0,0
53797,55295,0,0
53866,55295,0,0
53936,55295,0,0
54006,55295,0,0
54075,55295,0,0
54145,55295,0,0
54214,55295,0,0
54284,55295,0,0
54354,55295,0,0
54423,55295,0,0
54493,55295,0,0
54563,55295,0,0
54632,55295,0,0
54702,55295,0,0
54772,55295,0,0
54842,55295,0,0
54911,55295,0,0
54981,55295,0,0
55051,55295,0,0
55120,55295,0,0
55190,55295,0,0
55260,55295,0,0
55329,55295,21760,0
55399,55295,65535,21759
55464,55295,65535,65535
55429,55295,65535,65535
55207,55295,9213,65535
54986,55295,0,9213
54776,55295,0,0
54807,55295,0,0
54877,55295,0,0
54947,55295,0,0
55017,55295,0,0
55087,55295,0,0
55157,55295,0,0
55227,55295,0,0
55296,55295,640,0
55366,55295,46079,640
55435,55295,65535,46079
55493,55295,65535,65535
55354,55295,65535,65535
55132,55295,0,65535
54911,55295,0,0
54703,55295,0,0
54773,55295,0,0
54842,55295,0,0
54912,55295,0,0
54981,55295,0,0
55051,55295,0,0
55120,55295,0,0
55189,55295,0,0
55258,55295,0,0
55327,55295,20480,0
55395,55295,65535,20480
55460,55295,65535,65535
55428,55295,65535,65535
55205,55295,7933,65535
54982,55295,0,7933
54771,55295,0,0
54806,55295,0,0
54875,55295,0,0
54943,55295,0,0
55011,55295,0,0
55079,55295,0,0
55147,55295,0,0
55214,55295,0,0
55282,55295,0,0
55349,55295,34559,0
55416,55295,65535,34559
55477,55295,65535,65535
55384,55295,65535,65535
55154,55295,0,65535
54914,55295,0,0
54670,55295,0,0
54684,55295,0,0
54670,55295,0,0
54633,55295,0,0
54597,55295,0,0
54560,55295,0,0
54523,55295,0,0
54486,55295,0,0
54449,55295,0,0
54412,55295,0,0
54375,55295,0,0
54337,55295,0,0
54301,55295,0,0
54264,55295,0,0
54227,55295,0,0
54190,55295,0,0
54153,55295,0,0
54117,55295,0,0
54080,55295,0,0
54043,55295,0,0
54007,55295,0,0
53970,55295,0,0
53934,55295,0,0
53897,55295,0,0
53861,55295,0,0
53824,55295,0,0
53788,55295,0,0
53752,55295,0,0
53715,55295,0,0
53679,55295,0,0
53643,55295,0,0
53607,55295,0,0
53571,55295,0,0
53535,55295,0,0
53499,55295,0,0
53463,55295,0,0
53428,55295,0,0
53392,55295,0,0
53357,55295,0,0
53321,55295,0,0
53286,55295,0,0
53251,55295,0,0
53215,55295,0,0
53180,55295,0,0
53111,55295,0,0
53111,55295,0,0
53041,55295,0,0
53007,55295,0,0
52980,55295,0,0
52960,55295,0,0
52958,55295,0,0
52973,55295,0,0
53012,55295,0,0
53078,55295,0,0
53148,55295,0,0
53218,55295,0,0
53288,55295,0,0
53358,55295,0,0
53428,55295,0,0
53498,55295,0,0
53568,55295,0,0
53638,55295,0,0
53708,55295,0,0
53778,55295,0,0
53848,55295,0,0
53918,55295,0,0
53988,55295,0,0
54059,55295,0,0
54129,55295,0,0
54199,55295,0,0
54269,55295,0,0
54339,55295,0,0
54409,55295,0,0
54480,55295,0,0
54550,55295,0,0
54620,55295,0,0
54690,55295,0,0
54760,55295,0,0
54831,55295,0,0
54901,55295,0,0
54971,55295,0,0
55041,55295,0,0
55111,55295,0,0
55181,55295,0,0
55251,55295,0,0
55320,55295,16000,0
55390,55295,65535,16000
55457,55295,65535,65535
55446,55295,65535,65535
55224,55295,20096,65535
55003,55295,0,20096
54791,55295,0,0
54776,55295,0,0
54846,55295,0,0
54917,55295,0,0
54987,55295,0,0
55056,55295,0,0
55126,55295,0,0
55196,55295,0,0
55266,55295,0,0
55335,55295,25600,0
55404,55295,65535,25600
55469,55295,65535,65535
55417,55295,65535,65535
55194,55295,893,65535
54973,55295,0,893
54764,55295,0,0
54830,55295,0,0
54899,55295,0,0
54968,55295,0,0
55038,55295,0,0
55107,55295,0,0
55175,55295,0,0
55244,55295,0,0
55313,55295,11520,0
55381,55295,65535,11520
55447,55295,65535,65535
55453,55295,65535,65535
55230,55295,23936,65535
55007,55295,0,23936
54792,55295,0,0
54759,55295,0,0
54827,55295,0,0
54896,55295,0,0
54963,55295,0,0
55031,55295,0,0
55099,55295,0,0
55166,55295,0,0
55233,55295,0,0
55294,55295,0,0
55343,55295,30720,0
55374,55295,65535,30719
55376,55295,65535,65535
55212,55295,12413,65535
54883,55295,0,12413
54566,55295,0,0
54477,55295,0,0
54440,55295,0,0
54403,55295,0,0
54367,55295,0,0
54330,55295,0,0
54293,55295,0,0
54256,55295,0,0
54220,55295,0,0
54183,55295,0,0
54146,55295,0,0
54110,55295,0,0
54073,55295,0,0
54037,55295,0,0
54000,55295,0,0
53964,55295,0,0
53927,55295,0,0
53891,55295,0,0
53855,55295,0,0
53819,55295,0,0
53782,55295,0,0
53746,55295,0,0
53710,55295,0,0
53674,55295,0,0
53638,55295,0,0
53602,55295,0,0
53566,55295,0,0
53530,55295,0,0
53494,55295,0,0
53459,55295,0,0
53423,55295,0,0
53388,55295,0,0
53352,55295,0,0
53317,55295,0,0
53281,55295,0,0
53246,55295,0,0
53211,55295,0,0
53176,55295,0,0
53141,55295,0,0
53107,55295,0,0
53072,55295,0,0
53037,55295,0,0
53003,55295,0,0
52969,55295,0,0
52938,55295,0,0
52910,55295,0,0
52891,55295,0,0
52886,55295,0,0
52899,55295,0,0
52936,55295,0,0
53003,55295,0,0
53073,55295,0,0
53143,55295,0,0
53213,55295,0,0
53283,55295,0,0
53354,55295,0,0
53424,55295,0,0
53494,55295,0,0
53564,55295,0,0
53635,55295,0,0
53705,55295,0,0
53775,55295,0,0
53846,55295,0,0
53916,55295,0,0
53986,55295,0,0
54057,55295,0,0
54127,55295,0,0
54198,55295,0,0
54268,55295,0,0
54338,55295,0,0
54409,55295,0,0
54479,55295,0,0
54550,55295,0,0
54620,55295,0,0
54691,55295,0,0
54761,55295,0,0
54831,55295,0,0
54902,55295,0,0
54972,55295,0,0
55042,55295,0,0
55112,55295,0,0
55182,55295,0,0
55252,55295,0,0
55322,55295,17280,0
55392,55295,65535,17280
55458,55295,65535,65535
55442,55295,65535,65535
55221,55295,18176,65535
54999,55295,0,18176
54788,55295,0,0
54782,55295,0,0
54852,55295,0,0
54922,55295,0,0
54992,55295,0,0
55062,55295,0,0
55132,55295,0,0
55202,55295,0,0
55272,55295,0,0
55341,55295,29440,0
55411,55295,65535,29440
55475,55295,65535,65535
55184,55295,0,65535
55184,55295,0,65535
54962,55295,0,0
54823,55295,0,0
54893,55295,0,0
54893,55295,0,0
55031,55295,0,0
55100,55295,0,0
55169,55295,0,0
55238,55295,0,0
55307,55295,7680,0
55375,55295,51199,7679
55442,55295,65535,58878
55466,55295,65535,65535
55270,55295,49535,65535
55047,55295,0,49535
54828,55295,0,0
54686,55295,0,0
54755,55295,0,0
54823,55295,0,0
54891,55295,0,0
54958,55295,0,0
55026,55295,0,0
55093,55295,0,0
55152,55295,0,0
55193,55295,0,0
55215,55295,0,0
55214,55295,0,0
55182,55295,0,0
55145,55295,0,0
55108,55295,0,0
55071,55295,0,0
55033,55295,0,0
54996,55295,0,0
54959,55295,0,0
54921,55295,0,0
54884,55295,0,0
54847,55295,0,0
54809,55295,0,0
54772,55295,0,0
54735,55295,0,0
54698,55295,0,0
54661,55295,0,0
54624,55295,0,0
54587,55295,0,0
54550,55295,0,0
54513,55295,0,0
54476,55295,0,0
54439,55295,0,0
54403,55295,0,0
54366,55295,0,0
54329,55295,0,0
54293,55295,0,0
54256,55295,0,0
54220,55295,0,0
54183,55295,0,0
54147,55295,0,0
54110,55295,0,0
54074,55295,0,0
54038,55295,0,0
54002,55295,0,0
53966,55295,0,0
53930,55295,0,0
53894,55295,0,0
53858,55295,0,0
53822,55295,0,0
53787,55295,0,0
53751,55295,0,0
53716,55295,0,0
53680,55295,0,0
53645,55295,0,0
53610,55295,0,0
53575,55295,0,0
53540,55295,0,0
53508,55295,0,0
53477,55295,0,0
53454,55295,0,0
53443,55295,0,0
53450,55295,0,0
53479,55295,0,0
53537,55295,0,0
53606,55295,0,0
53676,55295,0,0
53746,55295,0,0
53816,55295,0,0
53885,55295,0,0
53955,55295,0,0
54025,55295,0,0
54095,55295,0,0
54164,55295,0,0
54234,55295,0,0
54304,55295,0,0
54374,55295,0,0
54444,55295,0,0
54514,55295,0,0
54584,55295,0,0
54654,55295,0,0
54723,55295,0,0
54793,55295,0,0
54863,55295,0,0
54933,55295,0,0
55003,55295,0,0
55073,55295,0,0
55143,55295,0,0
55213,55295,0,0
55283,55295,0,0
55353,55295,37119,0
55423,55295,65535,37119
55485,55295,65535,65535
55385,55295,65535,65535
55163,55295,0,65535
54943,55295,0,0
54735,55295,0,0
54806,55295,0,0
54876,55295,0,0
54946,55295,0,0
55016,55295,0,0
55087,55295,0,0
55157,55295,0,0
55227,55295,0,0
55297,55295,1280,0
55366,55295,46719,1280
55436,55295,65535,46719
55491,55295,65535,65535
55349,55295,65535,65535
55128,55295,0,65535
54907,55295,0,0
54699,55295,0,0
54769,55295,0,0
54839,55295,0,0
54909,55295,0,0
54979,55295,0,0
55049,55295,0,0
55118,55295,0,0
55187,55295,0,0
55256,55295,0,0
55326,55295,19840,0
55394,55295,65535,19840
55459,55295,65535,65535
55431,55295,65535,65535
55208,55295,9853,65535
54986,55295,0,9853
54775,55295,0,0
54802,55295,0,0
54870,55295,0,0
54939,55295,0,0
55007,55295,0,0
55076,55295,0,0
55144,55295,0,0
55212,55295,0,0
55279,55295,0,0
55347,55295,33279,0
55414,55295,65535,33279
55475,55295,65535,65535
55388,55295,65535,65535
55161,55295,0,65535
54925,55295,0,0
54688,55295,0,0
54709,55295,0,0
54706,55295,0,0
54673,55295,0,0
54636,55295,0,0
54599,55295,0,0
54563,55295,0,0
54526,55295,0,0
54489,55295,0,0
54452,55295,0,0
54415,55295,0,0
54379,55295,0,0
54342,55295,0,0
54305,55295,0,0
54268,55295,0,0
54232,55295,0,0
54195,55295,0,0
54159,55295,0,0
54122,55295,0,0
54086,55295,0,0
54049,55295,0,0
54013,55295,0,0
53976,55295,0,0
53940,55295,0,0
53904,55295,0,0
53867,55295,0,0
53831,55295,0,0
53795,55295,0,0
53759,55295,0,0
53723,55295,0,0
53687,55295,0,0
53651,55295,0,0
53579,55295,0,0
53579,55295,0,0
53508,55295,0,0
53472,55295,0,0
53437,55295,0,0
53437,55295,0,0
53401,55295,0,0
53366,55295,0,0
53331,55295,0,0
53261,55295,0,0
53226,55295,0,0
53191,55295,0,0
53156,55295,0,0
53121,55295,0,0
53087,55295,0,0
53053,55295,0,0
53018,55295,0,0
52989,55295,0,0
52970,55295,0,0
52966,55295,0,0
52982,55295,0,0
53024,55295,0,0
53094,55295,0,0
53164,55295,0,0
53234,55295,0,0
53304,55295,0,0
53374,55295,0,0
53444,55295,0,0
53514,55295,0,0
53585,55295,0,0
53655,55295,0,0
53725,55295,0,0
53795,55295,0,0
53865,55295,0,0
53936,55295,0,0
54006,55295,0,0
54076,55295,0,0
54147,55295,0,0
54217,55295,0,0
54287,55295,0,0
54358,55295,0,0
54428,55295,0,0
54498,55295,0,0
54569,55295,0,0
54639,55295,0,0
54709,55295,0,0
54779,55295,0,0
54850,55295,0,0
54920,55295,0,0
54990,55295,0,0
55060,55295,0,0
55130,55295,0,0
55200,55295,0,0
55270,55295,0,0
55340,55295,28800,0
55409,55295,65535,28800
55474,55295,65535,65535
55408,55295,65535,65535
55187,55295,0,65535
54966,55295,0,0
54758,55295,0,0
54828,55295,0,0
54898,55295,0,0
54968,55295,0,0
55038,55295,0,0
55108,55295,0,0
55178,55295,0,0
55248,55295,0,0
55317,55295,14080,0
55387,55295,65535,14080
55453,55295,65535,65535
55450,55295,65535,65535
55228,55295,22656,65535
55006,55295,0,22656
54793,55295,0,0
54767,55295,0,0
54836,55295,0,0
54906,55295,0,0
54975,55295,0,0
55044,55295,0,0
55113,55295,0,0
55182,55295,0,0
55250,55295,0,0
55319,55295,15360,0
55387,55295,65535,15359
55452,55295,65535,65535
55442,55295,65535,65535
55218,55295,16256,65535
54995,55295,0,16256
54783,55295,0,0
54782,55295,0,0
54850,55295,0,0
54918,55295,0,0
54986,55295,0,0
55053,55295,0,0
55121,55295,0,0
55188,55295,0,0
55251,55295,0,0
55305,55295,6400,0
55343,55295,37120,6400
55358,55295,65535,37120
55313,55295,65535,65535
55106,55295,0,65535
54777,55295,0,0
54463,55295,0,0
54427,55295,0,0
54390,55295,0,0
54353,55295,0,0
54316,55295,0,0
54279,55295,0,0
54242,55295,0,0
54206,55295,0,0
54169,55295,0,0
54132,55295,0,0
54096,55295,0,0
54059,55295,0,0
54022,55295,0,0
53986,55295,0,0
53949,55295,0,0
53913,55295,0,0
53877,55295,0,0
53840,55295,0,0
53804,55295,0,0
53768,55295,0,0
53731,55295,0,0
53695,55295,0,0
53659,55295,0,0
53623,55295,0,0
53587,55295,0,0
53551,55295,0,0
53515,55295,0,0
53479,55295,0,0
53443,55295,0,0
53407,55295,0,0
53372,55295,0,0
53336,55295,0,0
53301,55295,0,0
53265,55295,0,0
53230,55295,0,0
53195,55295,0,0
53160,55295,0,0
53125,55295,0,0
53090,55295,0,0
53055,55295,0,0
53020,55295,0,0
52985,55295,0,0
52951,55295,0,0
52916,55295,0,0
52883,55295,0,0
52856,55295,0,0
52840,55295,0,0
52840,55295,0,0
52862,55295,0,0
52910,55295,0,0
52980,55295,0,0
53050,55295,0,0
53120,55295,0,0
53190,55295,0,0
53261,55295,0,0
53331,55295,0,0
53401,55295,0,0
53471,55295,0,0
53541,55295,0,0
53611,55295,0,0
53682,55295,0,0
53752,55295,0,0
53822,55295,0,0
53892,55295,0,0
53962,55295,0,0
54033,55295,0,0
54103,55295,0,0
54173,55295,0,0
54244,55295,0,0
54314,55295,0,0
54384,55295,0,0
54454,55295,0,0
54525,55295,0,0
54595,55295,0,0
54665,55295,0,0
54735,55295,0,0
54806,55295,0,0
54876,55295,0,0
54946,55295,0,0
55016,55295,0,0
55086,55295,0,0
55156,55295,0,0
55225,55295,0,0
55295,55295,0,0
55365,55295,44799,0
55434,55295,65535,44799
55362,55295,65535,65535
55140,55295,0,65535
54920,55295,0,0
54711,55295,0,0
54782,55295,0,0
54852,55295,0,0
54922,55295,0,0
54991,55295,0,0
55061,55295,0,0
55131,55295,0,0
55200,55295,0,0
55270,55295,0,0
55339,55295,28160,0
55408,55295,65535,28160
55472,55295,65535,65535
55408,55295,65535,65535
55185,55295,0,65535
54964,55295,0,0
54754,55295,0,0
54824,55295,0,0
54893,55295,0,0
54962,55295,0,0
55030,55295,0,0
55099,55295,0,0
55168,55295,0,0
55236,55295,0,0
55304,55295,5760,0
55372,55295,55039,5760
55439,55295,65535,55039
55471,55295,65535,65535
55292,55295,63615,65535
55068,55295,0,63615
54846,55295,0,0
54644,55295,0,0
54712,55295,0,0
54779,55295,0,0
54847,55295,0,0
54914,55295,0,0
54978,55295,0,0
55031,55295,0,0
55068,55295,0,0
55084,55295,0,0
55073,55295,0,0
55036,55295,0,0
54998,55295,0,0
54961,55295,0,0
54923,55295,0,0
54886,55295,0,0
54848,55295,0,0
54811,55295,0,0
54773,55295,0,0
54736,55295,0,0
54699,55295,0,0
54661,55295,0,0
54624,55295,0,0
54587,55295,0,0
54549,55295,0,0
54512,55295,0,0
54475,55295,0,0
54438,55295,0,0
54401,55295,0,0
54364,55295,0,0
54327,55295,0,0
54290,55295,0,0
54253,55295,0,0
54216,55295,0,0
54179,55295,0,0
54142,55295,0,0
54106,55295,0,0
54069,55295,0,0
54032,55295,0,0
53996,55295,0,0
53959,55295,0,0
53923,55295,0,0
53887,55295,0,0
53850,55295,0,0
53814,55295,0,0
53778,55295,0,0
53742,55295,0,0
53706,55295,0,0
53670,55295,0,0
53635,55295,0,0
53599,55295,0,0
53564,55295,0,0
53528,55295,0,0
53493,55295,0,0
53458,55295,0,0
53423,55295,0,0
53388,55295,0,0
53353,55295,0,0
53323,55295,0,0
53304,55295,0,0
53305,55295,0,0
53326,55295,0,0
53373,55295,0,0
53443,55295,0,0
53512,55295,0,0
53582,55295,0,0
53651,55295,0,0
53721,55295,0,0
53791,55295,0,0
53860,55295,0,0
53930,55295,0,0
53999,55295,0,0
54069,55295,0,0
54139,55295,0,0
54208,55295,0,0
54278,55295,0,0
54348,55295,0,0
54418,55295,0,0
54487,55295,0,0
54557,55295,0,0
54627,55295,0,0
54697,55295,0,0
54766,55295,0,0
54836,55295,0,0
54906,55295,0,0
54976,55295,0,0
55045,55295,0,0
55115,55295,0,0
55185,55295,0,0
55255,55295,0,0
55324,55295,18560,0
55394,55295,65535,18560
55460,55295,65535,65535
55438,55295,65535,65535
55215,55295,14336,65535
54995,55295,0,14336
54784,55295,0,0
54794,55295,0,0
54864,55295,0,0
54934,55295,0,0
55004,55295,0,0
55073,55295,0,0
55143,55295,0,0
55213,55295,0,0
55283,55295,0,0
55352,55295,36479,0
55421,55295,65535,36479
55484,55295,65535,65535
55385,55295,65535,65535
55163,55295,0,65535
54942,55295,0,0
54733,55295,0,0
54803,55295,0,0
54873,55295,0,0
54942,55295,0,0
55011,55295,0,0
55080,55295,0,0
55150,55295,0,0
55218,55295,0,0
55287,55295,0,0
55356,55295,39039,0
55424,55295,65535,39039
55485,55295,65535,65535
55374,55295,65535,65535
55151,55295,0,65535
54929,55295,0,0
54719,55295,0,0
54788,55295,0,0
54856,55295,0,0
54924,55295,0,0
54992,55295,0,0
55060,55295,0,0
55128,55295,0,0
55195,55295,0,0
55262,55295,0,0
55329,55295,21760,0
55396,55295,65535,21759
55459,55295,65535,65535
55408,55295,65535,65535
55159,55295,0,65535
54893,55295,0,0
54617,55295,0,0
54592,55295,0,0
54555,55295,0,0
54518,55295,0,0
54481,55295,0,0
54444,55295,0,0
54407,55295,0,0
54370,55295,0,0
54333,55295,0,0
54296,55295,0,0
54259,55295,0,0
54223,55295,0,0
54186,55295,0,0
54149,55295,0,0
54112,55295,0,0
54075,55295,0,0
54002,55295,0,0
53966,55295,0,0
53966,55295,0,0
53929,55295,0,0
53893,55295,0,0
53856,55295,0,0
53783,55295,0,0
53747,55295,0,0
53711,55295,0,0
53674,55295,0,0
53638,55295,0,0
53602,55295,0,0
53566,55295,0,0
53530,55295,0,0
53494,55295,0,0
53458,55295,0,0
53422,55295,0,0
53387,55295,0,0
53351,55295,0,0
53315,55295,0,0
53280,55295,0,0
53245,55295,0,0
53209,55295,0,0
53174,55295,0,0
53139,55295,0,0
53104,55295,0,0
53069,55295,0,0
53035,55295,0,0
53000,55295,0,0
52965,55295,0,0
52931,55295,0,0
52900,55295,0,0
52876,55295,0,0
52865,55295,0,0
52872,55295,0,0
52903,55295,0,0
52962,55295,0,0
53032,55295,0,0
53102,55295,0,0
53172,55295,0,0
53242,55295,0,0
53312,55295,0,0
53382,55295,0,0
53452,55295,0,0
53522,55295,0,0
53593,55295,0,0
53663,55295,0,0
53733,55295,0,0
53803,55295,0,0
53873,55295,0,0
53944,55295,0,0
54014,55295,0,0
54084,55295,0,0
54154,55295,0,0
54225,55295,0,0
54295,55295,0,0
54365,55295,0,0
54436,55295,0,0
54506,55295,0,0
54576,55295,0,0
54646,55295,0,0
54717,55295,0,0
54787,55295,0,0
54857,55295,0,0
54927,55295,0,0
54997,55295,0,0
55067,55295,0,0
55137,55295,0,0
55207,55295,0,0
55277,55295,0,0
55346,55295,32640,0
55416,55295,65535,32640
55479,55295,65535,65535
55398,55295,65535,65535
55176,55295,0,65535
54955,55295,0,0
54747,55295,0,0
54817,55295,0,0
54887,55295,0,0
54957,55295,0,0
55027,55295,0,0
55097,55295,0,0
55167,55295,0,0
55236,55295,0,0
55306,55295,7040,0
55375,55295,58239,7040
55443,55295,65535,58239
55471,55295,65535,65535
55279,55295,55295,65535
55057,55295,0,55295
54838,55295,0,0
54673,55295,0,0
54743,55295,0,0
54812,55295,0,0
54881,55295,0,0
54951,55295,0,0
55019,55295,0,0
55088,55295,0,0
55157,55295,0,0
55225,55295,0,0
55293,55295,0,0
55361,55295,42239,0
55429,55295,65535,42238
55489,55295,65535,65535
55364,55295,65535,65535
55140,55295,0,65535
54917,55295,0,0
54707,55295,0,0
54775,55295,0,0
54843,55295,0,0
54910,55295,0,0
54977,55295,0,0
55038,55295,0,0
55086,55295,0,0
55117,55295,0,0
55123,55295,0,0
55101,55295,0,0
55064,55295,0,0
55026,55295,0,0
54989,55295,0,0
54952,55295,0,0
54914,55295,0,0
54877,55295,0,0
54840,55295,0,0
54802,55295,0,0
54765,55295,0,0
54728,55295,0,0
54690,55295,0,0
54653,55295,0,0
54616,55295,0,0
54579,55295,0,0
54542,55295,0,0
54505,55295,0,0
54468,55295,0,0
54431,55295,0,0
54394,55295,0,0
54357,55295,0,0
54320,55295,0,0
54283,55295,0,0
54247,55295,0,0
54210,55295,0,0
54173,55295,0,0
54137,55295,0,0
54100,55295,0,0
54064,55295,0,0
54027,55295,0,0
53991,55295,0,0
53955,55295,0,0
53919,55295,0,0
53883,55295,0,0
53847,55295,0,0
53811,55295,0,0
53775,55295,0,0
53739,55295,0,0
53703,55295,0,0
53668,55295,0,0
53632,55295,0,0
53597,55295,0,0
53562,55295,0,0
53527,55295,0,0
53492,55295,0,0
53457,55295,0,0
53422,55295,0,0
53389,55295,0,0
53363,55295,0,0
53348,55295,0,0
53351,55295,0,0
53382,55295,0,0
53439,55295,0,0
53509,55295,0,0
53579,55295,0,0
53648,55295,0,0
53718,55295,0,0
53788,55295,0,0
53927,55295,0,0
53997,55295,0,0
53997,55295,0,0
54137,55295,0,0
54206,55295,0,0
54276,55295,0,0
54346,55295,0,0
54416,55295,0,0
54486,55295,0,0
54556,55295,0,0
54626,55295,0,0
54696,55295,0,0
54766,55295,0,0
54836,55295,0,0
54906,55295,0,0
54975,55295,0,0
55045,55295,0,0
55115,55295,0,0
55185,55295,0,0
55255,55295,0,0
55325,55295,19200,0
55395,55295,65535,19200
55461,55295,65535,65535
55436,55295,65535,65535
55215,55295,14336,65535
54994,55295,0,14336
54783,55295,0,0
54793,55295,0,0
54863,55295,0,0
54933,55295,0,0
55004,55295,0,0
55074,55295,0,0
55144,55295,0,0
55214,55295,0,0
55283,55295,0,0
55353,55295,37119,0
55423,55295,65535,37119
55485,55295,65535,65535
55384,55295,65535,65535
55162,55295,0,65535
54941,55295,0,0
54733,55295,0,0
54803,55295,0,0
54873,55295,0,0
54943,55295,0,0
55012,55295,0,0
55082,55295,0,0
55151,55295,0,0
55220,55295,0,0
55289,55295,0,0
55358,55295,40319,0
55427,55295,65535,40319
55488,55295,65535,65535
55372,55295,65535,65535
55149,55295,0,65535
54927,55295,0,0
54718,55295,0,0
54787,55295,0,0
54855,55295,0,0
54924,55295,0,0
54992,55295,0,0
55060,55295,0,0
55128,55295,0,0
55196,55295,0,0
55263,55295,0,0
55331,55295,23040,0
55398,55295,65535,23040
55461,55295,65535,65535
55414,55295,65535,65535
55179,55295,0,65535
54929,55295,0,0
54673,55295,0,0
54671,55295,0,0
54638,55295,0,0
54602,55295,0,0
54565,55295,0,0
54528,55295,0,0
54492,55295,0,0
54455,55295,0,0
54418,55295,0,0
54381,55295,0,0
54344,55295,0,0
54307,55295,0,0
54271,55295,0,0
54234,55295,0,0
54197,55295,0,0
54161,55295,0,0
54124,55295,0,0
54088,55295,0,0
54051,55295,0,0
54015,55295,0,0
53978,55295,0,0
53942,55295,0,0
53906,55295,0,0
53870,55295,0,0
53833,55295,0,0
53797,55295,0,0
53761,55295,0,0
53725,55295,0,0
53689,55295,0,0
53653,55295,0,0
53617,55295,0,0
53581,55295,0,0
53545,55295,0,0
53510,55295,0,0
53474,55295,0,0
53438,55295,0,0
53403,55295,0,0
53368,55295,0,0
53332,55295,0,0
53297,55295,0,0
53262,55295,0,0
53227,55295,0,0
53192,55295,0,0
53157,55295,0,0
53123,55295,0,0
53088,55295,0,0
53053,55295,0,0
53019,55295,0,0
52985,55295,0,0
52955,55295,0,0
52935,55295,0,0
52934,55295,0,0
52959,55295,0,0
53008,55295,0,0
53078,55295,0,0
53148,55295,0,0
53218,55295,0,0
53289,55295,0,0
53359,55295,0,0
53429,55295,0,0
53499,55295,0,0
53569,55295,0,0
53639,55295,0,0
53710,55295,0,0
53780,55295,0,0
53850,55295,0,0
53920,55295,0,0
53991,55295,0,0
54061,55295,0,0
54131,55295,0,0
54202,55295,0,0
54272,55295,0,0
54342,55295,0,0
54413,55295,0,0
54483,55295,0,0
54553,55295,0,0
54624,55295,0,0
54694,55295,0,0
54764,55295,0,0
54835,55295,0,0
54905,55295,0,0
54975,55295,0,0
55045,55295,0,0
55115,55295,0,0
55185,55295,0,0
55255,55295,0,0
55325,55295,19200,0
55395,55295,65535,19200
55461,55295,65535,65535
55436,55295,65535,65535
55215,55295,14336,65535
54994,55295,0,14336
54783,55295,0,0
54793,55295,0,0
54863,55295,0,0
54933,55295,0,0
55003,55295,0,0
55073,55295,0,0
55143,55295,0,0
55213,55295,0,0
55283,55295,0,0
55352,55295,36479,0
55422,55295,65535,36479
55484,55295,65535,65535
55386,55295,65535,65535
55163,55295,0,65535
54942,55295,0,0
54733,55295,0,0
54803,55295,0,0
54873,55295,0,0
54942,55295,0,0
55011,55295,0,0
55080,55295,0,0
55149,55295,0,0
55218,55295,0,0
55286,55295,0,0
55355,55295,38399,0
55484,55295,65535,65535
55484,55295,65535,65535
55152,55295,0,65535
54929,55295,0,0
54719,55295,0,0
54788,55295,0,0
54856,55295,0,0
54924,55295,0,0
54991,55295,0,0
55059,55295,0,0
55126,55295,0,0
55190,55295,0,0
55245,55295,0,0
55284,55295,0,0
55302,55295,4480,0
55294,55295,3840,4480
55256,55295,0,3839
55198,55295,0,0
55145,55295,0,0
55107,55295,0,0
55070,55295,0,0
55032,55295,0,0
54995,55295,0,0
54957,55295,0,0
54920,55295,0,0
54882,55295,0,0
54845,55295,0,0
54808,55295,0,0
54770,55295,0,0
54733,55295,0,0
54696,55295,0,0
54659,55295,0,0
54622,55295,0,0
54584,55295,0,0
54547,55295,0,0
54505,55295,0,0
54471,55295,0,0
54436,55295,0,0
54400,55295,0,0
54363,55295,0,0
54326,55295,0,0
54289,55295,0,0
54252,55295,0,0
54216,55295,0,0
54179,55295,0,0
54143,55295,0,0
54106,55295,0,0
54070,55295,0,0
54034,55295,0,0
53997,55295,0,0
53961,55295,0,0
53925,55295,0,0
53889,55295,0,0
53853,55295,0,0
53818,55295,0,0
53782,55295,0,0
53746,55295,0,0
53711,55295,0,0
53676,55295,0,0
53640,55295,0,0
53605,55295,0,0
53570,55295,0,0
53535,55295,0,0
53504,55295,0,0
53480,55295,0,0
53470,55295,0,0
53478,55295,0,0
53511,55295,0,0
53572,55295,0,0
53641,55295,0,0
53711,55295,0,0
53780,55295,0,0
53850,55295,0,0
53919,55295,0,0
53989,55295,0,0
54058,55295,0,0
54128,55295,0,0
54198,55295,0,0
54267,55295,0,0
54337,55295,0,0
54407,55295,0,0
54476,55295,0,0
54546,55295,0,0
54616,55295,0,0
54685,55295,0,0
54755,55295,0,0
54825,55295,0,0
54895,55295,0,0
54964,55295,0,0
55034,55295,0,0
55104,55295,0,0
55174,55295,0,0
55243,55295,0,0
55313,55295,11520,0
55383,55295,65535,11520
55450,55295,65535,65535
55458,55295,65535,65535
55236,55295,27776,65535
55015,55295,0,27776
54802,55295,0,0
54754,55295,0,0
54825,55295,0,0
54895,55295,0,0
54965,55295,0,0
55035,55295,0,0
55105,55295,0,0
55175,55295,0,0
55245,55295,0,0
55314,55295,12160,0
55384,55295,65535,12160
55451,55295,65535,65535
55456,55295,65535,65535
55013,55295,0,65535
55013,55295,0,26496
54757,55295,0,0
54827,55295,0,0
54897,55295,0,0
54966,55295,0,0
55036,55295,0,0
55105,55295,0,0
55174,55295,0,0
55243,55295,0,0
55312,55295,10880,0
55381,55295,65535,10879
55448,55295,65535,10879
55455,55295,65535,65535
55234,55295,26496,65535
55012,55295,0,26496
54797,55295,0,0
54753,55295,0,0
54822,55295,0,0
54891,55295,0,0
54959,55295,0,0
55027,55295,0,0
55095,55295,0,0
55163,55295,0,0
55231,55295,0,0
55298,55295,1920,0
55365,55295,46718,1919
55432,55295,65535,46718
55482,55295,65535,65535
55337,55295,65535,65535
55108,55295,0,65535
54863,55295,0,0
54615,55295,0,0
54625,55295,0,0
54607,55295,0,0
54571,55295,0,0
54534,55295,0,0
54497,55295,0,0
54460,55295,0,0
54423,55295,0,0
54386,55295,0,0
54349,55295,0,0
54312,55295,0,0
54275,55295,0,0
54239,55295,0,0
54202,55295,0,0
54165,55295,0,0
54128,55295,0,0
54092,55295,0,0
54055,55295,0,0
54018,55295,0,0
53982,55295,0,0
53945,55295,0,0
53909,55295,0,0
53872,55295,0,0
53836,55295,0,0
53799,55295,0,0
53763,55295,0,0
53727,55295,0,0
53691,55295,0,0
53654,55295,0,0
53618,55295,0,0
53582,55295,0,0
53546,55295,0,0
53510,55295,0,0
53474,55295,0,0
53438,55295,0,0
53403,55295,0,0
53367,55295,0,0
53331,55295,0,0
53296,55295,0,0
53260,55295,0,0
53225,55295,0,0
53190,55295,0,0
53155,55295,0,0
53120,55295,0,0
53085,55295,0,0
53050,55295,0,0
53015,55295,0,0
52981,55295,0,0
52946,55295,0,0
52913,55295,0,0
52892,55295,0,0
52887,55295,0,0
52899,55295,0,0
52932,55295,0,0
52992,55295,0,0
53062,55295,0,0
53132,55295,0,0
53202,55295,0,0
53272,55295,0,0
53342,55295,0,0
53412,55295,0,0
53482,55295,0,0
53552,55295,0,0
53622,55295,0,0
53692,55295,0,0
53762,55295,0,0
53832,55295,0,0
53902,55295,0,0
53973,55295,0,0
54043,55295,0,0
54113,55295,0,0
54183,55295,0,0
54253,55295,0,0
54323,55295,0,0
54393,55295,0,0
54464,55295,0,0
54534,55295,0,0
54604,55295,0,0
54674,55295,0,0
54744,55295,0,0
54814,55295,0,0
54884,55295,0,0
54954,55295,0,0
55024,55295,0,0
55094,55295,0,0
55164,55295,0,0
55234,55295,0,0
55303,55295,5120,0
55373,55295,55039,5120
55441,55295,65535,55039
55479,55295,65535,65535
55301,55295,65535,65535
55080,55295,0,65535
54859,55295,0,0
54652,55295,0,0
54722,55295,0,0
54792,55295,0,0
54862,55295,0,0
54932,55295,0,0
55002,55295,0,0
55071,55295,0,0
55141,55295,0,0
55210,55295,0,0
55280,55295,0,0
55349,55295,34559,0
55418,55295,65535,34559
55480,55295,65535,65535
55390,55295,65535,65535
55167,55295,0,65535
54945,55295,0,0
54736,55295,0,0
54805,55295,0,0
54874,55295,0,0
54943,55295,0,0
55012,55295,0,0
55081,55295,0,0
55149,55295,0,0
55217,55295,0,0
55286,55295,0,0
55353,55295,37119,0
55489,55295,65535,37119
55381,55295,65535,65535
55162,55295,0,65535
54939,55295,0,0
54728,55295,0,0
54796,55295,0,0
54864,55295,0,0
54931,55295,0,0
54993,55295,0,0
55050,55295,0,0
55095,55295,0,0
55124,55295,0,0
55130,55295,0,0
55108,55295,0,0
55070,55295,0,0
55033,55295,0,0
54996,55295,0,0
54958,55295,0,0
54920,55295,0,0
54883,55295,0,0
54845,55295,0,0
54808,55295,0,0
54770,55295,0,0
54733,55295,0,0
54695,55295,0,0
54658,55295,0,0
54621,55295,0,0
54583,55295,0,0
54546,55295,0,0
54509,55295,0,0
54472,55295,0,0
54435,55295,0,0
54398,55295,0,0
54361,55295,0,0
54323,55295,0,0
54287,55295,0,0
54250,55295,0,0
54213,55295,0,0
54176,55295,0,0
54139,55295,0,0
54102,55295,0,0
54066,55295,0,0
54029,55295,0,0
53993,55295,0,0
53956,55295,0,0
53920,55295,0,0
53883,55295,0,0
53847,55295,0,0
53811,55295,0,0
53775,55295,0,0
53739,55295,0,0
53703,55295,0,0
53667,55295,0,0
53632,55295,0,0
53596,55295,0,0
53561,55295,0,0
53525,55295,0,0
53490,55295,0,0
53455,55295,0,0
53420,55295,0,0
53385,55295,0,0
53356,55295,0,0
53338,55295,0,0
53334,55295,0,0
53352,55295,0,0
53396,55295,0,0
53465,55295,0,0
53535,55295,0,0
53604,55295,0,0
53674,55295,0,0
53743,55295,0,0
53813,55295,0,0
53883,55295,0,0
53952,55295,0,0
54022,55295,0,0
54091,55295,0,0
54161,55295,0,0
54231,55295,0,0
54300,55295,0,0
54370,55295,0,0
54440,55295,0,0
54509,55295,0,0
54579,55295,0,0
54649,55295,0,0
54719,55295,0,0
54788,55295,0,0
54858,55295,0,0
54928,55295,0,0
54998,55295,0,0
55067,55295,0,0
55137,55295,0,0
55207,55295,0,0
55276,55295,0,0
55346,55295,32640,0
55415,55295,65535,32640
55479,55295,65535,65535
55397,55295,65535,65535
55175,55295,0,65535
54954,55295,0,0
54746,55295,0,0
54816,55295,0,0
54886,55295,0,0
54956,55295,0,0
55026,55295,0,0
55096,55295,0,0
55166,55295,0,0
55236,55295,0,0
55305,55295,6400,0
55375,55295,57599,6400
55443,55295,65535,57599
55474,55295,65535,65535
55285,55295,59135,65535
55064,55295,0,59135
54844,55295,0,0
54663,55295,0,0
54733,55295,0,0
54802,55295,0,0
54872,55295,0,0
54941,55295,0,0
55011,55295,0,0
55080,55295,0,0
55217,55295,0,0
55217,55295,0,0
55286,55295,0,0
55355,55295,38399,0
55423,55295,65535,38399
55376,55295,65535,65535
55376,55295,65535,65535
54930,55295,0,0
54720,55295,0,0
54789,55295,0,0
54789,55295,0,0
54925,55295,0,0
54993,55295,0,0
55061,55295,0,0
55128,55295,0,0
55195,55295,0,0
55263,55295,0,0
55330,55295,22400,0
55396,55295,65535,22400
55451,55295,65535,65535
55388,55295,65535,65535
55125,55295,0,65535
54838,55295,0,0
54535,55295,0,0
54499,55295,0,0
54462,55295,0,0
54425,55295,0,0
54388,55295,0,0
54351,55295,0,0
54314,55295,0,0
54277,55295,0,0
54241,55295,0,0
54204,55295,0,0
54167,55295,0,0
54130,55295,0,0
54093,55295,0,0
54057,55295,0,0
54020,55295,0,0
53983,55295,0,0
53947,55295,0,0
53910,55295,0,0
53874,55295,0,0
53837,55295,0,0
53801,55295,0,0
53765,55295,0,0
53728,55295,0,0
53692,55295,0,0
53656,55295,0,0
53620,55295,0,0
53583,55295,0,0
53547,55295,0,0
53511,55295,0,0
53475,55295,0,0
53440,55295,0,0
53404,55295,0,0
53368,55295,0,0
53332,55295,0,0
53297,55295,0,0
53261,55295,0,0
53226,55295,0,0
53191,55295,0,0
53155,55295,0,0
53120,55295,0,0
53085,55295,0,0
53050,55295,0,0
53016,55295,0,0
52981,55295,0,0
52946,55295,0,0
52912,55295,0,0
52878,55295,0,0
52846,55295,0,0
52823,55295,0,0
52814,55295,0,0
52823,55295,0,0
52856,55295,0,0
52917,55295,0,0
52987,55295,0,0
53057,55295,0,0
53127,55295,0,0
53197,55295,0,0
53268,55295,0,0
53338,55295,0,0
53408,55295,0,0
53478,55295,0,0
53548,55295,0,0
53618,55295,0,0
53689,55295,0,0
53759,55295,0,0
53829,55295,0,0
53899,55295,0,0
53970,55295,0,0
54040,55295,0,0
54110,55295,0,0
54181,55295,0,0
54251,55295,0,0
54321,55295,0,0
54392,55295,0,0
54462,55295,0,0
54532,55295,0,0
54603,55295,0,0
54673,55295,0,0
54743,55295,0,0
54813,55295,0,0
54884,55295,0,0
54954,55295,0,0
55024,55295,0,0
55093,55295,0,0
55163,55295,0,0
55233,55295,0,0
55303,55295,5120,0
55373,55295,55039,5120
55441,55295,65535,55039
55479,55295,65535,65535
55301,55295,65535,65535
55080,55295,0,65535
54857,55295,0,0
54652,55295,0,0
54722,55295,0,0
54792,55295,0,0
54862,55295,0,0
54932,55295,0,0
55002,55295,0,0
55072,55295,0,0
55141,55295,0,0
55211,55295,0,0
55280,55295,0,0
55349,55295,34559,0
55418,55295,65535,34559
55481,55295,65535,65535
55341,55295,65535,65535
55167,55295,0,65535
54952,55295,0,0
54743,55295,0,0
54812,55295,0,0
54882,55295,0,0
54950,55295,0,0
55019,55295,0,0
55088,55295,0,0
55156,55295,0,0
55293,55295,0,0
55293,55295,0,0
55361,55295,42239,0
55428,55295,65535,65535
55487,55295,65535,65535
55071,55295,0,65535
54916,55295,0,0
54706,55295,0,0
54773,55295,0,0
54841,55295,0,0
54908,55295,0,0
54967,55295,0,0
55014,55295,0,0
55043,55295,0,0
55047,55295,0,0
55022,55295,0,0
54985,55295,0,0
54948,55295,0,0
54905,55295,0,0
54869,55295,0,0
54836,55295,0,0
54798,55295,0,0
54798,55295,0,0
54709,55295,0,0
54677,55295,0,0
54649,55295,0,0
54612,55295,0,0
54575,55295,0,0
54538,55295,0,0
54501,55295,0,0
54464,55295,0,0
54390,55295,0,0
54390,55295,0,0
54316,55295,0,0
54279,55295,0,0
54243,55295,0,0
54206,55295,0,0
54169,55295,0,0
54133,55295,0,0
54096,55295,0,0
54059,55295,0,0
54023,55295,0,0
53987,55295,0,0
53950,55295,0,0
53914,55295,0,0
53878,55295,0,0
53842,55295,0,0
53806,55295,0,0
53770,55295,0,0
53734,55295,0,0
53698,55295,0,0
53662,55295,0,0
53627,55295,0,0
53591,55295,0,0
53556,55295,0,0
53520,55295,0,0
53485,55295,0,0
53450,55295,0,0
53415,55295,0,0
53380,55295,0,0
53346,55295,0,0
53313,55295,0,0
53288,55295,0,0
53274,55295,0,0
53278,55295,0,0
53305,55295,0,0
53365,55295,0,0
53365,55295,0,0
53435,55295,0,0
53598,55295,0,0
53644,55295,0,0
53714,55295,0,0
53783,55295,0,0
53854,55295,0,0
53923,55295,0,0
53993,55295,0,0
54063,55295,0,0
54133,55295,0,0
54202,55295,0,0
54272,55295,0,0
54342,55295,0,0
54412,55295,0,0
54482,55295,0,0
54552,55295,0,0
54622,55295,0,0
54692,55295,0,0
54832,55295,0,0
54832,55295,0,0
54902,55295,0,0
55042,55295,0,0
55042,55295,0,0
55182,55295,0,0
55251,55295,0,0
55321,55295,16640,0
55391,55295,65535,16640
55457,55295,65535,16640
55444,55295,65535,65535
55222,55295,18816,65535
55001,55295,0,18816
54790,55295,0,0
54780,55295,0,0
54851,55295,0,0
54921,55295,0,0
54991,55295,0,0
55061,55295,0,0
55131,55295,0,0
55201,55295,0,0
55271,55295,0,0
55340,55295,28800,0
55410,55295,65535,28800
55474,55295,65535,65535
55408,55295,65535,65535
55186,55295,0,65535
54965,55295,0,0
54757,55295,0,0
54826,55295,0,0
54896,55295,0,0
54966,55295,0,0
55035,55295,0,0
55104,55295,0,0
55174,55295,0,0
55243,55295,0,0
55311,55295,10240,0
55380,55295,64639,10240
55447,55295,65535,64639
55460,55295,65535,65535
55240,55295,30336,65535
55017,55295,0,30335
54802,55295,0,0
54742,55295,0,0
54811,55295,0,0
54879,55295,0,0
54948,55295,0,0
55016,55295,0,0
55084,55295,0,0
55151,55295,0,0
55219,55295,0,0
55313,55295,11520,0
55354,55295,49279,11520
55418,55295,65535,49279
55424,55295,65535,65535
55257,55295,41215,65535
55006,55295,0,41215
54741,55295,0,0
54561,55295,0,0
54525,55295,0,0
54488,55295,0,0
54451,55295,0,0
54415,55295,0,0
54378,55295,0,0
54341,55295,0,0
54268,55295,0,0
54268,55295,0,0
54231,55295,0,0
54158,55295,0,0
54121,55295,0,0
54084,55295,0,0
54048,55295,0,0
54011,55295,0,0
53975,55295,0,0
53938,55295,0,0
53902,55295,0,0
53866,55295,0,0
53829,55295,0,0
53793,55295,0,0
53757,55295,0,0
53721,55295,0,0
53685,55295,0,0
53649,55295,0,0
53612,55295,0,0
53577,55295,0,0
53541,55295,0,0
53505,55295,0,0
53469,55295,0,0
53433,55295,0,0
53398,55295,0,0
53362,55295,0,0
53326,55295,0,0
53291,55295,0,0
53256,55295,0,0
53220,55295,0,0
53185,55295,0,0
53150,55295,0,0
53115,55295,0,0
53080,55295,0,0
53046,55295,0,0
53011,55295,0,0
52976,55295,0,0
52942,55295,0,0
52908,55295,0,0
52873,55295,0,0
52844,55295,0,0
52824,55295,0,0
52819,55295,0,0
52833,55295,0,0
52873,55295,0,0
52943,55295,0,0
53013,55295,0,0
53083,55295,0,0
53154,55295,0,0
53224,55295,0,0
53294,55295,0,0
53364,55295,0,0
53434,55295,0,0
53505,55295,0,0
53575,55295,0,0
53645,55295,0,0
53716,55295,0,0
53786,55295,0,0
53856,55295,0,0
53927,55295,0,0
53997,55295,0,0
54068,55295,0,0
54138,55295,0,0
54208,55295,0,0
54279,55295,0,0
54349,55295,0,0
54419,55295,0,0
54490,55295,0,0
54560,55295,0,0
54631,55295,0,0
54701,55295,0,0
54771,55295,0,0
54842,55295,0,0
54912,55295,0,0
54982,55295,0,0
55052,55295,0,0
55122,55295,0,0
55192,55295,0,0
55262,55295,0,0
55331,55295,23040,0
55401,55295,65535,23040
55466,55295,65535,65535
55426,55295,65535,65535
55204,55295,7293,65535
54983,55295,0,7293
54773,55295,0,0
54813,55295,0,0
54883,55295,0,0
54953,55295,0,0
55023,55295,0,0
55093,55295,0,0
55162,55295,0,0
55232,55295,0,0
55301,55295,3840,0
55371,55295,52478,3839
55439,55295,65535,52478
55482,55295,65535,65535
55315,55295,65535,65535
55093,55295,0,65535
54871,55295,0,0
54663,55295,0,0
54732,55295,0,0
54802,55295,0,0
54871,55295,0,0
54940,55295,0,0
55009,55295,0,0
55077,55295,0,0
55146,55295,0,0
55214,55295,0,0
55282,55295,0,0
55350,55295,35199,0
55418,55295,65535,35199
55479,55295,65535,65535
55384,55295,65535,65535
55160,55295,0,65535
54937,55295,0,0
54727,55295,0,0
54795,55295,0,0
54862,55295,0,0
54930,55295,0,0
54995,55295,0,0
55050,55295,0,0
55091,55295,0,0
55112,55295,0,0
55106,55295,0,0
55070,55295,0,0
55032,55295,0,0
54995,55295,0,0
54958,55295,0,0
54920,55295,0,0
54883,55295,0,0
54845,55295,0,0
54808,55295,0,0
54771,55295,0,0
54733,55295,0,0
54696,55295,0,0
54659,55295,0,0
54622,55295,0,0
54584,55295,0,0
54547,55295,0,0
54510,55295,0,0
54473,55295,0,0
54436,55295,0,0
54399,55295,0,0
54362,55295,0,0
54325,55295,0,0
54289,55295,0,0
54252,55295,0,0
54215,55295,0,0
54178,55295,0,0
54142,55295,0,0
54105,55295,0,0
54068,55295,0,0
54032,55295,0,0
53959,55295,0,0
53923,55295,0,0
53887,55295,0,0
53851,55295,0,0
53815,55295,0,0
53779,55295,0,0
53743,55295,0,0
53707,55295,0,0
53671,55295,0,0
53636,55295,0,0
53600,55295,0,0
53565,55295,0,0
53530,55295,0,0
53494,55295,0,0
53459,55295,0,0
53424,55295,0,0
53390,55295,0,0
53358,55295,0,0
53335,55295,0,0
53325,55295,0,0
53334,55295,0,0
53366,55295,0,0
53428,55295,0,0
53497,55295,0,0
53567,55295,0,0
53637,55295,0,0
53706,55295,0,0
53776,55295,0,0
53845,55295,0,0
53915,55295,0,0
53985,55295,0,0
54055,55295,0,0
54124,55295,0,0
54194,55295,0,0
54264,55295,0,0
54334,55295,0,0
54403,55295,0,0
54473,55295,0,0
54543,55295,0,0
54613,55295,0,0
54683,55295,0,0
54752,55295,0,0
54822,55295,0,0
54892,55295,0,0
54962,55295,0,0
55032,55295,0,0
55101,55295,0,0
55171,55295,0,0
55241,55295,0,0
55311,55295,10240,0
55380,55295,64639,10240
55448,55295,65535,64639
55462,55295,65535,65535
55244,55295,32896,65535
55022,55295,0,32896
54808,55295,0,0
54740,55295,0,0
54809,55295,0,0
54880,55295,0,0
54949,55295,0,0
55019,55295,0,0
55089,55295,0,0
55159,55295,0,0
55229,55295,0,0
55299,55295,2560,0
55368,55295,49279,2560
55437,55295,65535,49279
55486,55295,65535,65535
55333,55295,65535,65535
55111,55295,0,65535
54890,55295,0,0
54682,55295,0,0
54752,55295,0,0
54821,55295,0,0
54891,55295,0,0
54960,55295,0,0
55029,55295,0,0
55098,55295,0,0
55167,55295,0,0
55236,55295,0,0
55305,55295,6400,0
55373,55295,56319,6400
55440,55295,65535,56319
55470,55295,65535,65535
55286,55295,59775,65535
55063,55295,0,59775
54842,55295,0,0
54657,55295,0,0
54725,55295,0,0
54793,55295,0,0
54861,55295,0,0
54929,55295,0,0
54997,55295,0,0
55065,55295,0,0
55132,55295,0,0
55199,55295,0,0
55266,55295,0,0
55329,55295,21760,0
55375,55295,65535,21759
55400,55295,65535,65535
55303,55295,65535,65535
54992,55295,0,65535
54665,55295,0,0
54351,55295,0,0
54314,55295,0,0
54277,55295,0,0
54240,55295,0,0
54204,55295,0,0
54167,55295,0,0
54130,55295,0,0
54093,55295,0,0
54057,55295,0,0
54020,55295,0,0
53983,55295,0,0
53947,55295,0,0
53910,55295,0,0
53874,55295,0,0
53837,55295,0,0
53801,55295,0,0
53764,55295,0,0
53728,55295,0,0
53692,55295,0,0
53655,55295,0,0
53619,55295,0,0
53583,55295,0,0
53547,55295,0,0
53511,55295,0,0
53475,55295,0,0
53439,55295,0,0
53403,55295,0,0
53367,55295,0,0
53331,55295,0,0
53295,55295,0,0
53260,55295,0,0
53224,55295,0,0
53189,55295,0,0
53153,55295,0,0
53118,55295,0,0
53083,55295,0,0
53047,55295,0,0
53012,55295,0,0
52977,55295,0,0
52942,55295,0,0
52908,55295,0,0
52873,55295,0,0
52839,55295,0,0
52804,55295,0,0
52770,55295,0,0
52737,55295,0,0
52711,55295,0,0
52696,55295,0,0
52697,55295,0,0
52721,55295,0,0
52772,55295,0,0
52842,55295,0,0
52912,55295,0,0
52982,55295,0,0
53052,55295,0,0
53122,55295,0,0
53193,55295,0,0
53263,55295,0,0
53333,55295,0,0
53403,55295,0,0
53473,55295,0,0
53544,55295,0,0
53614,55295,0,0
53684,55295,0,0
53755,55295,0,0
53825,55295,0,0
53895,55295,0,0
53966,55295,0,0
54036,55295,0,0
54106,55295,0,0
54177,55295,0,0
54247,55295,0,0
54317,55295,0,0
54388,55295,0,0
54458,55295,0,0
54528,55295,0,0
54599,55295,0,0
54669,55295,0,0
54739,55295,0,0
54809,55295,0,0
54879,55295,0,0
54949,55295,0,0
55019,55295,0,0
55089,55295,0,0
55159,55295,0,0
55228,55295,0,0
55298,55295,1920,0
55368,55295,48638,1919
55437,55295,65535,48638
55490,55295,65535,65535
55340,55295,65535,65535
55118,55295,0,65535
54897,55295,0,0
54689,55295,0,0
54829,55295,0,0
54899,55295,0,0
54968,55295,0,0
55038,55295,0,0
55108,55295,0,0
55177,55295,0,0
55246,55295,0,0
55315,55295,12800,0
55384,55295,65535,12800
55451,55295,65535,65535
55452,55295,65535,65535
55229,55295,23296,65535
55007,55295,0,23296
54794,55295,0,0
54764,55295,0,0
54833,55295,0,0
54902,55295,0,0
54970,55295,0,0
55039,55295,0,0
55107,55295,0,0
55175,55295,0,0
55243,55295,0,0
55311,55295,10240,0
55378,55295,63359,10240
55444,55295,65535,63359
55456,55295,65535,65535
55240,55295,30336,65535
55016,55295,0,30335
54800,55295,0,0
54739,55295,0,0
54803,55295,0,0
54862,55295,0,0
54911,55295,0,0
54944,55295,0,0
54955,55295,0,0
54940,55295,0,0
54903,55295,0,0
54865,55295,0,0
54828,55295,0,0
54791,55295,0,0
54753,55295,0,0
54716,55295,0,0
54679,55295,0,0
54641,55295,0,0
54604,55295,0,0
54567,55295,0,0
54529,55295,0,0
54492,55295,0,0
54455,55295,0,0
54418,55295,0,0
54381,55295,0,0
54344,55295,0,0
54307,55295,0,0
54270,55295,0,0
54233,55295,0,0
54196,55295,0,0
54159,55295,0,0
54122,55295,0,0
54086,55295,0,0
54049,55295,0,0
54012,55295,0,0
53976,55295,0,0
53939,55295,0,0
53903,55295,0,0
53866,55295,0,0
53830,55295,0,0
53793,55295,0,0
53757,55295,0,0
53721,55295,0,0
53685,55295,0,0
53649,55295,0,0
53613,55295,0,0
53577,55295,0,0
53542,55295,0,0
53506,55295,0,0
53471,55295,0,0
53435,55295,0,0
53400,55295,0,0
53365,55295,0,0
53330,55295,0,0
53295,55295,0,0
53260,55295,0,0
53225,55295,0,0
53195,55295,0,0
53176,55295,0,0
53172,55295,0,0
53188,55295,0,0
53229,55295,0,0
53299,55295,0,0
53369,55295,0,0
53438,55295,0,0
53508,55295,0,0
53578,55295,0,0
53647,55295,0,0
53717,55295,0,0
53787,55295,0,0
53856,55295,0,0
53926,55295,0,0
53996,55295,0,0
54066,55295,0,0
54136,55295,0,0
54206,55295,0,0
54275,55295,0,0
54345,55295,0,0
54415,55295,0,0
54485,55295,0,0
54555,55295,0,0
54625,55295,0,0
54695,55295,0,0
54765,55295,0,0
54835,55295,0,0
54904,55295,0,0
54974,55295,0,0
55044,55295,0,0
55114,55295,0,0
55184,55295,0,0
55253,55295,0,0
55323,55295,17920,0
55392,55295,65535,17920
55459,55295,65535,65535
55440,55295,65535,65535
55218,55295,16256,65535
54996,55295,0,16256
54785,55295,0,0
54787,55295,0,0
54857,55295,0,0
54927,55295,0,0
54997,55295,0,0
55066,55295,0,0
55136,55295,0,0
55206,55295,0,0
55275,55295,0,0
55345,55295,32000,0
55414,55295,65535,32000
55478,55295,65535,65535
55398,55295,65535,65535
55176,55295,0,65535
54954,55295,0,0
54746,55295,0,0
54815,55295,0,0
54885,55295,0,0
54954,55295,0,0
55023,55295,0,0
55092,55295,0,0
55161,55295,0,0
55230,55295,0,0
55298,55295,1920,0
55367,55295,47998,1919
55435,55295,65535,47998
55485,55295,65535,65535
55336,55295,65535,65535
55113,55295,0,65535
54891,55295,0,0
54681,55295,0,0
54749,55295,0,0
54817,55295,0,0
54885,55295,0,0
54953,55295,0,0
55021,55295,0,0
55088,55295,0,0
55156,55295,0,0
55223,55295,0,0
55284,55295,0,0
55339,55295,28160,0
55382,55295,65535,28160
55402,55295,65535,65535
55272,55295,50815,65535
54954,55295,0,50815
54630,55295,0,0
54378,55295,0,0
54341,55295,0,0
54267,55295,0,0
54267,55295,0,0
54231,55295,0,0
54194,55295,0,0
54157,55295,0,0
54120,55295,0,0
54083,55295,0,0
54047,55295,0,0
53974,55295,0,0
53937,55295,0,0
53900,55295,0,0
53864,55295,0,0
53828,55295,0,0
53791,55295,0,0
53755,55295,0,0
53718,55295,0,0
53682,55295,0,0
53646,55295,0,0
53610,55295,0,0
53574,55295,0,0
53538,55295,0,0
53501,55295,0,0
53465,55295,0,0
53430,55295,0,0
53394,55295,0,0
53358,55295,0,0
53322,55295,0,0
53286,55295,0,0
53251,55295,0,0
53215,55295,0,0
53180,55295,0,0
53145,55295,0,0
53109,55295,0,0
53074,55295,0,0
53039,55295,0,0
53004,55295,0,0
52969,55295,0,0
52935,55295,0,0
52900,55295,0,0
52866,55295,0,0
52831,55295,0,0
52797,55295,0,0
52765,55295,0,0
52741,55295,0,0
52729,55295,0,0
52735,55295,0,0
52763,55295,0,0
52820,55295,0,0
52890,55295,0,0
52960,55295,0,0
53031,55295,0,0
53101,55295,0,0
53171,55295,0,0
53241,55295,0,0
53311,55295,0,0
53382,55295,0,0
53452,55295,0,0
53522,55295,0,0
53593,55295,0,0
53663,55295,0,0
53733,55295,0,0
53804,55295,0,0
53874,55295,0,0
53944,55295,0,0
54015,55295,0,0
54085,55295,0,0
54156,55295,0,0
54226,55295,0,0
54296,55295,0,0
54367,55295,0,0
54437,55295,0,0
54507,55295,0,0
54578,55295,0,0
54648,55295,0,0
54718,55295,0,0
54789,55295,0,0
54859,55295,0,0
54929,55295,0,0
54999,55295,0,0
55069,55295,0,0
55139,55295,0,0
55209,55295,0,0
55278,55295,0,0
55348,55295,33919,0
55418,55295,65535,33919
55481,55295,65535,65535
55393,55295,65535,65535
55084,55295,0,65535
54951,55295,0,0
54743,55295,0,0
54813,55295,0,0
54883,55295,0,0
54953,55295,0,0
55023,55295,0,0
55093,55295,0,0
55162,55295,0,0
55232,55295,0,0
55301,55295,3840,0
55370,55295,51838,3839
55438,55295,65535,51838
55481,55295,65535,65535
55317,55295,65535,65535
55094,55295,0,65535
54873,55295,0,0
54659,55295,0,0
54728,55295,0,0
54797,55295,0,0
54866,55295,0,0
54936,55295,0,0
55004,55295,0,0
55073,55295,0,0
55209,55295,0,0
55277,55295,0,0
55345,55295,32000,0
55412,55295,65535,32000
55474,55295,65535,65535
55393,55295,65535,65535
55169,55295,0,65535
54944,55295,0,0
54735,55295,0,0
54802,55295,0,0
54870,55295,0,0
54932,55295,0,0
54982,55295,0,0
55014,55295,0,0
55024,55295,0,0
55005,55295,0,0
54968,55295,0,0
54931,55295,0,0
54894,55295,0,0
54856,55295,0,0
54819,55295,0,0
54782,55295,0,0
54744,55295,0,0
54707,55295,0,0
54670,55295,0,0
54632,55295,0,0
54595,55295,0,0
54558,55295,0,0
54521,55295,0,0
54484,55295,0,0
54447,55295,0,0
54410,55295,0,0
54373,55295,0,0
54336,55295,0,0
54299,55295,0,0
54262,55295,0,0
54226,55295,0,0
54189,55295,0,0
54152,55295,0,0
54116,55295,0,0
54079,55295,0,0
54042,55295,0,0
54006,55295,0,0
53969,55295,0,0
53933,55295,0,0
53897,55295,0,0
53861,55295,0,0
53824,55295,0,0
53788,55295,0,0
53752,55295,0,0
53716,55295,0,0
53681,55295,0,0
53645,55295,0,0
53609,55295,0,0
53574,55295,0,0
53538,55295,0,0
53503,55295,0,0
53468,55295,0,0
53433,55295,0,0
53397,55295,0,0
53328,55295,0,0
53294,55295,0,0
53267,55295,0,0
53250,55295,0,0
53249,55295,0,0
53270,55295,0,0
53318,55295,0,0
53387,55295,0,0
53457,55295,0,0
53527,55295,0,0
53596,55295,0,0
53666,55295,0,0
53736,55295,0,0
53806,55295,0,0
53876,55295,0,0
53946,55295,0,0
54015,55295,0,0
54085,55295,0,0
54155,55295,0,0
54225,55295,0,0
54295,55295,0,0
54365,55295,0,0
54435,55295,0,0
54505,55295,0,0
54574,55295,0,0
54644,55295,0,0
54714,55295,0,0
54784,55295,0,0
54854,55295,0,0
54924,55295,0,0
54994,55295,0,0
55064,55295,0,0
55134,55295,0,0
55204,55295,0,0
55274,55295,0,0
55343,55295,30720,0
55413,55295,65535,30719
55477,55295,65535,65535
55403,55295,65535,65535
55182,55295,0,65535
54961,55295,0,0
54753,55295,0,0
54823,55295,0,0
54893,55295,0,0
54964,55295,0,0
55034,55295,0,0
55104,55295,0,0
55173,55295,0,0
55243,55295,0,0
55313,55295,11520,0
55382,55295,65535,11520
55450,55295,65535,65535
55458,55295,65535,65535
55013,55295,0,27136
54800,55295,0,0
54755,55295,0,0
54825,55295,0,0
54894,55295,0,0
54964,55295,0,0
55033,55295,0,0
55102,55295,0,0
55171,55295,0,0
55240,55295,0,0
55309,55295,8960,0
55378,55295,62079,8960
55444,55295,65535,62078
55463,55295,65535,65535
55254,55295,39295,65535
55031,55295,0,39295
54814,55295,0,0
54716,55295,0,0
54785,55295,0,0
54853,55295,0,0
54921,55295,0,0
54989,55295,0,0
55057,55295,0,0
55125,55295,0,0
55192,55295,0,0
55259,55295,0,0
55326,55295,19840,0
55392,55295,65535,19840
55446,55295,65535,65535
55393,55295,65535,65535
55127,55295,0,65535
54837,55295,0,0
54530,55295,0,0
54494,55295,0,0
54457,55295,0,0
54420,55295,0,0
54383,55295,0,0
54347,55295,0,0
54310,55295,0,0
54273,55295,0,0
54236,55295,0,0
54199,55295,0,0
54163,55295,0,0
54126,55295,0,0
54089,55295,0,0
54053,55295,0,0
54016,55295,0,0
53980,55295,0,0
53943,55295,0,0
53907,55295,0,0
53870,55295,0,0
53834,55295,0,0
53798,55295,0,0
53762,55295,0,0
53725,55295,0,0
53689,55295,0,0
53653,55295,0,0
53617,55295,0,0
53581,55295,0,0
53545,55295,0,0
53509,55295,0,0
53473,55295,0,0
53437,55295,0,0
53402,55295,0,0
53366,55295,0,0
53330,55295,0,0
53295,55295,0,0
53224,55295,0,0
53189,55295,0,0
53154,55295,0,0
53154,55295,0,0
53084,55295,0,0
53049,55295,0,0
53014,55295,0,0
52980,55295,0,0
52945,55295,0,0
52911,55295,0,0
52876,55295,0,0
52845,55295,0,0
52822,55295,0,0
52812,55295,0,0
52821,55295,0,0
52853,55295,0,0
52914,55295,0,0
52984,55295,0,0
53055,55295,0,0
53125,55295,0,0
53195,55295,0,0
53265,55295,0,0
53335,55295,0,0
53405,55295,0,0
53476,55295,0,0
53546,55295,0,0
53616,55295,0,0
53687,55295,0,0
53759,55295,0,0
53827,55295,0,0
53897,55295,0,0
53968,55295,0,0
54038,55295,0,0
54108,55295,0,0
54179,55295,0,0
54249,55295,0,0
54319,55295,0,0
54390,55295,0,0
54460,55295,0,0
54530,55295,0,0
54601,55295,0,0
54671,55295,0,0
54741,55295,0,0
54812,55295,0,0
54882,55295,0,0
54952,55295,0,0
55022,55295,0,0
55092,55295,0,0
55162,55295,0,0
55232,55295,0,0
55301,55295,3840,0
55371,55295,52478,3839
55440,55295,65535,52478
55483,55295,65535,65535
55317,55295,65535,65535
55095,55295,0,65535
54874,55295,0,0
54667,55295,0,0
54737,55295,0,0
54808,55295,0,0
54878,55295,0,0
54948,55295,0,0
55017,55295,0,0
55087,55295,0,0
55157,55295,0,0
55226,55295,0,0
55365,55295,44799,0
55434,55295,65535,44799
55494,55295,65535,65535
55360,55295,65535,65535
55137,55295,0,65535
54915,55295,0,0
54707,55295,0,0
54776,55295,0,0
54845,55295,0,0
54914,55295,0,0
54982,55295,0,0
55051,55295,0,0
55120,55295,0,0
55188,55295,0,0
55256,55295,0,0
55324,55295,18560,0
55391,55295,65535,18560
55456,55295,65535,65535
55432,55295,65535,65535
55207,55295,9213,65535
54984,55295,0,9213
54772,55295,0,0
54801,55295,0,0
54868,55295,0,0
54934,55295,0,0
54993,55295,0,0
55039,55295,0,0
55066,55295,0,0
55068,55295,0,0
55040,55295,0,0
55003,55295,0,0
54965,55295,0,0
54928,55295,0,0
54891,55295,0,0
54854,55295,0,0
54816,55295,0,0
54779,55295,0,0
54741,55295,0,0
54704,55295,0,0
54667,55295,0,0
54629,55295,0,0
54592,55295,0,0
54555,55295,0,0
54518,55295,0,0
54481,55295,0,0
54444,55295,0,0
54407,55295,0,0
54370,55295,0,0
54333,55295,0,0
54295,55295,0,0
54259,55295,0,0
54222,55295,0,0
54186,55295,0,0
54149,55295,0,0
54112,55295,0,0
54075,55295,0,0
54039,55295,0,0
54002,55295,0,0
53966,55295,0,0
53930,55295,0,0
53893,55295,0,0
53857,55295,0,0
53821,55295,0,0
53785,55295,0,0
53749,55295,0,0
53713,55295,0,0
53677,55295,0,0
53641,55295,0,0
53606,55295,0,0
53570,55295,0,0
53535,55295,0,0
53499,55295,0,0
53464,55295,0,0
53429,55295,0,0
53394,55295,0,0
53359,55295,0,0
53326,55295,0,0
53300,55295,0,0
53286,55295,0,0
53314,55295,0,0
53314,55295,0,0
53367,55295,0,0
53506,55295,0,0
53576,55295,0,0
53645,55295,0,0
53715,55295,0,0
53784,55295,0,0
53854,55295,0,0
53924,55295,0,0
53993,55295,0,0
54063,55295,0,0
54133,55295,0,0
54203,55295,0,0
54272,55295,0,0
54342,55295,0,0
54412,55295,0,0
54482,55295,0,0
54552,55295,0,0
54621,55295,0,0
54692,55295,0,0
54761,55295,0,0
54831,55295,0,0
54901,55295,0,0
54971,55295,0,0
55040,55295,0,0
55110,55295,0,0
55180,55295,0,0
55250,55295,0,0
55319,55295,15360,0
55389,55295,65535,15359
55456,55295,65535,65535
55448,55295,65535,65535
55226,55295,21376,65535
55005,55295,0,21375
54792,55295,0,0
54772,55295,0,0
54842,55295,0,0
54912,55295,0,0
54982,55295,0,0
55052,55295,0,0
55122,55295,0,0
55192,55295,0,0
55261,55295,0,0
55331,55295,23040,0
55400,55295,65535,23040
55465,55295,65535,65535
55424,55295,65535,65535
55202,55295,6013,65535
54980,55295,0,6013
54770,55295,0,0
54814,55295,0,0
54884,55295,0,0
54954,55295,0,0
55023,55295,0,0
55092,55295,0,0
55161,55295,0,0
55230,55295,0,0
55298,55295,1920,0
55367,55295,47998,1919
55435,55295,65535,47998
55486,55295,65535,65535
55337,55295,65535,65535
54892,55295,0,65535
54682,55295,0,0
54750,55295,0,0
54819,55295,0,0
54887,55295,0,0
54955,55295,0,0
54955,55295,0,0
55090,55295,0,0
55158,55295,0,0
55225,55295,0,0
55292,55295,0,0
55359,55295,40959,0
55423,55295,65535,40959
55470,55295,65535,65535
55323,55295,65535,65535
55051,55295,0,65535
54753,55295,0,0
54439,55295,0,0
54402,55295,0,0
54365,55295,0,0
54328,55295,0,0
54291,55295,0,0
54255,55295,0,0
54218,55295,0,0
54181,55295,0,0
54144,55295,0,0
54107,55295,0,0
54071,55295,0,0
54034,55295,0,0
53997,55295,0,0
53961,55295,0,0
53924,55295,0,0
53887,55295,0,0
53851,55295,0,0
53814,55295,0,0
53778,55295,0,0
53742,55295,0,0
53705,55295,0,0
53633,55295,0,0
53632,55295,0,0
53558,55295,0,0
53522,55295,0,0
53488,55295,0,0
53452,55295,0,0
53416,55295,0,0
53380,55295,0,0
53344,55295,0,0
53309,55295,0,0
53273,55295,0,0
53237,55295,0,0
53202,55295,0,0
53166,55295,0,0
53131,55295,0,0
53096,55295,0,0
53061,55295,0,0
53026,55295,0,0
52991,55295,0,0
52956,55295,0,0
52921,55295,0,0
52887,55295,0,0
52852,55295,0,0
52818,55295,0,0
52783,55295,0,0
52754,55295,0,0
52734,55295,0,0
52729,55295,0,0
52745,55295,0,0
52785,55295,0,0
52855,55295,0,0
52925,55295,0,0
52995,55295,0,0
53065,55295,0,0
53135,55295,0,0
53206,55295,0,0
53276,55295,0,0
53346,55295,0,0
53416,55295,0,0
53486,55295,0,0
53556,55295,0,0
53627,55295,0,0
53697,55295,0,0
53767,55295,0,0
53837,55295,0,0
53908,55295,0,0
53978,55295,0,0
54048,55295,0,0
54189,55295,0,0
54259,55295,0,0
54329,55295,0,0
54400,55295,0,0
54470,55295,0,0
54540,55295,0,0
54611,55295,0,0
54681,55295,0,0
54818,55295,0,0
54821,55295,0,0
54891,55295,0,0
54961,55295,0,0
55031,55295,0,0
55101,55295,0,0
55170,55295,0,0
55240,55295,0,0
55310,55295,9600,0
55379,55295,63359,9600
55447,55295,65535,63359
55464,55295,65535,65535
55251,55295,37375,65535
55030,55295,0,37375
54814,55295,0,0
54726,55295,0,0
54796,55295,0,0
54866,55295,0,0
54936,55295,0,0
55005,55295,0,0
55075,55295,0,0
55236,55295,0,0
55283,55295,0,0
55352,55295,36479,0
55421,55295,65535,36479
55483,55295,65535,65535
55384,55295,65535,65535
55161,55295,0,65535
54939,55295,0,0
54730,55295,0,0
54799,55295,0,0
54868,55295,0,0
54937,55295,0,0
55006,55295,0,0
55074,55295,0,0
55143,55295,0,0
55211,55295,0,0
55279,55295,0,0
55346,55295,32640,0
55414,55295,65535,32640
55476,55295,65535,65535
55392,55295,65535,65535
55167,55295,0,65535
54944,55295,0,0
54733,55295,0,0
54801,55295,0,0
54868,55295,0,0
54935,55295,0,0
54994,55295,0,0
55040,55295,0,0
55067,55295,0,0
55068,55295,0,0
55040,55295,0,0
55002,55295,0,0
54965,55295,0,0
54928,55295,0,0
54890,55295,0,0
54853,55295,0,0
54815,55295,0,0
54778,55295,0,0
54740,55295,0,0
54665,55295,0,0
54628,55295,0,0
54591,55295,0,0
54553,55295,0,0
54516,55295,0,0
54477,55295,0,0
54442,55295,0,0
54405,55295,0,0
54368,55295,0,0
54331,55295,0,0
54294,55295,0,0
54257,55295,0,0
54220,55295,0,0
54183,55295,0,0
54146,55295,0,0
54109,55295,0,0
54073,55295,0,0
54036,55295,0,0
53999,55295,0,0
53963,55295,0,0
53926,55295,0,0
53890,55295,0,0
53854,55295,0,0
53817,55295,0,0
53781,55295,0,0
53745,55295,0,0
53709,55295,0,0
53673,55295,0,0
53637,55295,0,0
53602,55295,0,0
53566,55295,0,0
53531,55295,0,0
53495,55295,0,0
53460,55295,0,0
53425,55295,0,0
53390,55295,0,0
53355,55295,0,0
53320,55295,0,0
53289,55295,0,0
53268,55295,0,0
53267,55295,0,0
53285,55295,0,0
53328,55295,0,0
53397,55295,0,0
53467,55295,0,0
53536,55295,0,0
53606,55295,0,0
53675,55295,0,0
53745,55295,0,0
53815,55295,0,0
53884,55295,0,0
53954,55295,0,0
54023,55295,0,0
54093,55295,0,0
54163,55295,0,0
54233,55295,0,0
54302,55295,0,0
54372,55295,0,0
54442,55295,0,0
54512,55295,0,0
54581,55295,0,0
54651,55295,0,0
54721,55295,0,0
54791,55295,0,0
54861,55295,0,0
54930,55295,0,0
55000,55295,0,0
55070,55295,0,0
55140,55295,0,0
55209,55295,0,0
55279,55295,0,0
55349,55295,34559,0
55418,55295,65535,34559
55481,55295,65535,65535
55391,55295,65535,65535
55169,55295,0,65535
54948,55295,0,0
54740,55295,0,0
54811,55295,0,0
54881,55295,0,0
54951,55295,0,0
55020,55295,0,0
55090,55295,0,0
55160,55295,0,0
55230,55295,0,0
55299,55295,2560,0
55369,55295,49919,2560
55438,55295,65535,49919
55487,55295,65535,65535
55330,55295,65535,65535
55109,55295,0,65535
54888,55295,0,0
54680,55295,0,0
54749,55295,0,0
54819,55295,0,0
54888,55295,0,0
54958,55295,0,0
55027,55295,0,0
55096,55295,0,0
55165,55295,0,0
55233,55295,0,0
55302,55295,4480,0
55370,55295,52479,4480
55438,55295,65535,52479
55477,55295,65535,65535
55309,55295,65535,65535
55086,55295,0,65535
54863,55295,0,0
54654,55295,0,0
54722,55295,0,0
54790,55295,0,0
54858,55295,0,0
54926,55295,0,0
54994,55295,0,0
55061,55295,0,0
55129,55295,0,0
55196,55295,0,0
55263,55295,0,0
55324,55295,18560,0
55374,55295,65535,18560
55402,55295,65535,65535
55319,55295,65535,65535
55008,55295,0,65535
54680,55295,0,0
54366,55295,0,0
54330,55295,0,0
54293,55295,0,0
54256,55295,0,0
54219,55295,0,0
54182,55295,0,0
54146,55295,0,0
54109,55295,0,0
54072,55295,0,0
54035,55295,0,0
53999,55295,0,0
53962,55295,0,0
53926,55295,0,0
53889,55295,0,0
53853,55295,0,0
53816,55295,0,0
53780,55295,0,0
53744,55295,0,0
53671,55295,0,0
53671,55295,0,0
53635,55295,0,0
53599,55295,0,0
53562,55295,0,0
53490,55295,0,0
53490,55295,0,0
53454,55295,0,0
53383,55295,0,0
53347,55295,0,0
53311,55295,0,0
53275,55295,0,0
53240,55295,0,0
53240,55295,0,0
53169,55295,0,0
53134,55295,0,0
53098,55295,0,0
53063,55295,0,0
53028,55295,0,0
52993,55295,0,0
52958,55295,0,0
52924,55295,0,0
52889,55295,0,0
52855,55295,0,0
52820,55295,0,0
52786,55295,0,0
52754,55295,0,0
52730,55295,0,0
52717,55295,0,0
52723,55295,0,0
52751,55295,0,0
52807,55295,0,0
52877,55295,0,0
52947,55295,0,0
53017,55295,0,0
53088,55295,0,0
53158,55295,0,0
53228,55295,0,0
53298,55295,0,0
53368,55295,0,0
53439,55295,0,0
53509,55295,0,0
53579,55295,0,0
53650,55295,0,0
53720,55295,0,0
53790,55295,0,0
53861,55295,0,0
53931,55295,0,0
54002,55295,0,0
54072,55295,0,0
54142,55295,0,0
54213,55295,0,0
54283,55295,0,0
54354,55295,0,0
54424,55295,0,0
54494,55295,0,0
54565,55295,0,0
54635,55295,0,0
54705,55295,0,0
54776,55295,0,0
54846,55295,0,0
54916,55295,0,0
54986,55295,0,0
55056,55295,0,0
55126,55295,0,0
55195,55295,0,0
55265,55295,0,0
55335,55295,25600,0
55405,55295,65535,25600
55469,55295,65535,65535
55417,55295,65535,65535
55195,55295,1533,65535
54974,55295,0,1533
54766,55295,0,0
54830,55295,0,0
54900,55295,0,0
54970,55295,0,0
55039,55295,0,0
55109,55295,0,0
55179,55295,0,0
55248,55295,0,0
55317,55295,14080,0
55386,55295,65535,14080
55453,55295,65535,65535
55449,55295,65535,65535
55227,55295,22016,65535
55005,55295,0,22016
54792,55295,0,0
54768,55295,0,0
54837,55295,0,0
54906,55295,0,0
54975,55295,0,0
55043,55295,0,0
55112,55295,0,0
55180,55295,0,0
55248,55295,0,0
55316,55295,13440,0
55384,55295,65535,13440
55449,55295,65535,65535
55447,55295,65535,65535
55223,55295,19456,65535
55000,55295,0,19456
54786,55295,0,0
54771,55295,0,0
54839,55295,0,0
54906,55295,0,0
54974,55295,0,0
55035,55295,0,0
55085,55295,0,0
55116,55295,0,0
55125,55295,0,0
55104,55295,0,0
55067,55295,0,0
55030,55295,0,0
54992,55295,0,0
54955,55295,0,0
54918,55295,0,0
54880,55295,0,0
54843,55295,0,0
54805,55295,0,0
54768,55295,0,0
54730,55295,0,0
54693,55295,0,0
54656,55295,0,0
54619,55295,0,0
54581,55295,0,0
54544,55295,0,0
54507,55295,0,0
54470,55295,0,0
54433,55295,0,0
54396,55295,0,0
54359,55295,0,0
54322,55295,0,0
54285,55295,0,0
54249,55295,0,0
54212,55295,0,0
54175,55295,0,0
54138,55295,0,0
54102,55295,0,0
54065,55295,0,0
54029,55295,0,0
53992,55295,0,0
53956,55295,0,0
53920,55295,0,0
53883,55295,0,0
53847,55295,0,0
53811,55295,0,0
53775,55295,0,0
53739,55295,0,0
53704,55295,0,0
53668,55295,0,0
53633,55295,0,0
53597,55295,0,0
53562,55295,0,0
53527,55295,0,0
53491,55295,0,0
53456,55295,0,0
53422,55295,0,0
53387,55295,0,0
53358,55295,0,0
53339,55295,0,0
53337,55295,0,0
53354,55295,0,0
53398,55295,0,0
53468,55295,0,0
53537,55295,0,0
53607,55295,0,0
53677,55295,0,0
53746,55295,0,0
53816,55295,0,0
53890,55295,0,0
53955,55295,0,0
54025,55295,0,0
54095,55295,0,0
54164,55295,0,0
54234,55295,0,0
54380,55295,0,0
54444,55295,0,0
54513,55295,0,0
54583,55295,0,0
54653,55295,0,0
54723,55295,0,0
54793,55295,0,0
54862,55295,0,0
54932,55295,0,0
55002,55295,0,0
55072,55295,0,0
55142,55295,0,0
55212,55295,0,0
55281,55295,0,0
55351,55295,35839,0
55421,55295,65535,35839
55483,55295,65535,65535
55388,55295,65535,65535
55166,55295,0,65535
54945,55295,0,0
54738,55295,0,0
54808,55295,0,0
54878,55295,0,0
54948,55295,0,0
55018,55295,0,0
55088,55295,0,0
55158,55295,0,0
55228,55295,0,0
55297,55295,1280,0
55367,55295,47359,1280
55436,55295,65535,47359
55491,55295,65535,65535
55347,55295,65535,65535
55125,55295,0,65535
54904,55295,0,0
54696,55295,0,0
54765,55295,0,0
54835,55295,0,0
54905,55295,0,0
54974,55295,0,0
55043,55295,0,0
55112,55295,0,0
55182,55295,0,0
55251,55295,0,0
55319,55295,15360,0
55388,55295,65535,15359
55453,55295,65535,65535
55444,55295,65535,65535
55220,55295,17536,65535
54997,55295,0,17536
54784,55295,0,0
54779,55295,0,0
54847,55295,0,0
54915,55295,0,0
54983,55295,0,0
55051,55295,0,0
55119,55295,0,0
55186,55295,0,0
55254,55295,0,0
55321,55295,16640,0
55388,55295,65535,16640
55450,55295,65535,65535
55425,55295,65535,65535
55178,55295,0,65535
54912,55295,0,0
54631,55295,0,0
54598,55295,0,0
54561,55295,0,0
54525,55295,0,0
54488,55295,0,0
54451,55295,0,0
54414,55295,0,0
54377,55295,0,0
54340,55295,0,0
54303,55295,0,0
54266,55295,0,0
54230,55295,0,0
54193,55295,0,0
54156,55295,0,0
54119,55295,0,0
54083,55295,0,0
54046,55295,0,0
54010,55295,0,0
53973,55295,0,0
53937,55295,0,0
53900,55295,0,0
53864,55295,0,0
53827,55295,0,0
53791,55295,0,0
53755,55295,0,0
53718,55295,0,0
53682,55295,0,0
53646,55295,0,0
53610,55295,0,0
53574,55295,0,0
53538,55295,0,0
53502,55295,0,0
53466,55295,0,0
53430,55295,0,0
53395,55295,0,0
53359,55295,0,0
53324,55295,0,0
53288,55295,0,0
53253,55295,0,0
53218,55295,0,0
53183,55295,0,0
53148,55295,0,0
53113,55295,0,0
53078,55295,0,0
53043,55295,0,0
53008,55295,0,0
52974,55295,0,0
52940,55295,0,0
52908,55295,0,0
52884,55295,0,0
52874,55295,0,0
52881,55295,0,0
52911,55295,0,0
52970,55295,0,0
53040,55295,0,0
53110,55295,0,0
53180,55295,0,0
53250,55295,0,0
53391,55295,0,0
53461,55295,0,0
53461,55295,0,0
53531,55295,0,0
53601,55295,0,0
53671,55295,0,0
53741,55295,0,0
53812,55295,0,0
53952,55295,0,0
54022,55295,0,0
54093,55295,0,0
54163,55295,0,0
54233,55295,0,0
54303,55295,0,0
54374,55295,0,0
54444,55295,0,0
54514,55295,0,0
54584,55295,0,0
54655,55295,0,0
54725,55295,0,0
54795,55295,0,0
54865,55295,0,0
54935,55295,0,0
55005,55295,0,0
55075,55295,0,0
55145,55295,0,0
55215,55295,0,0
55285,55295,0,0
55354,55295,37759,0
55424,55295,65535,37759
55486,55295,65535,65535
55383,55295,65535,65535
55161,55295,0,65535
54940,55295,0,0
54732,55295,0,0
54802,55295,0,0
54872,55295,0,0
54942,55295,0,0
55012,55295,0,0
55082,55295,0,0
55151,55295,0,0
55221,55295,0,0
55290,55295,0,0
55360,55295,41599,0
55429,55295,65535,41599
55490,55295,65535,65535
55369,55295,65535,65535
55147,55295,0,65535
54925,55295,0,0
54716,55295,0,0
54786,55295,0,0
54855,55295,0,0
54924,55295,0,0
54993,55295,0,0
55062,55295,0,0
55130,55295,0,0
55199,55295,0,0
55267,55295,0,0
55335,55295,25600,0
55403,55295,65535,25600
55466,55295,65535,65535
55412,55295,65535,65535
55188,55295,0,65535
54965,55295,0,0
54754,55295,0,0
54822,55295,0,0
54890,55295,0,0
54958,55295,0,0
55025,55295,0,0
55090,55295,0,0
55148,55295,0,0
55192,55295,0,0
55217,55295,0,0
55216,55295,0,0
55180,55295,0,0
55143,55295,0,0
55105,55295,0,0
55068,55295,0,0
55030,55295,0,0
54992,55295,0,0
54955,55295,0,0
54917,55295,0,0
54880,55295,0,0
54842,55295,0,0
54805,55295,0,0
54767,55295,0,0
54730,55295,0,0
54693,55295,0,0
54655,55295,0,0
54618,55295,0,0
54581,55295,0,0
54544,55295,0,0
54506,55295,0,0
54469,55295,0,0
54432,55295,0,0
54395,55295,0,0
54358,55295,0,0
54321,55295,0,0
54284,55295,0,0
54248,55295,0,0
54211,55295,0,0
54174,55295,0,0
54137,55295,0,0
54101,55295,0,0
54064,55295,0,0
54028,55295,0,0
53991,55295,0,0
53955,55295,0,0
53919,55295,0,0
53883,55295,0,0
53847,55295,0,0
53811,55295,0,0
53775,55295,0,0
53739,55295,0,0
53703,55295,0,0
53668,55295,0,0
53632,55295,0,0
53597,55295,0,0
53562,55295,0,0
53527,55295,0,0
53492,55295,0,0
53458,55295,0,0
53436,55295,0,0
53425,55295,0,0
53431,55295,0,0
53459,55295,0,0
53514,55295,0,0
53583,55295,0,0
53653,55295,0,0
53722,55295,0,0
53792,55295,0,0
53861,55295,0,0
53931,55295,0,0
54000,55295,0,0
54070,55295,0,0
54139,55295,0,0
54209,55295,0,0
54278,55295,0,0
54348,55295,0,0
54417,55295,0,0
54487,55295,0,0
54557,55295,0,0
54626,55295,0,0
54696,55295,0,0
54766,55295,0,0
54835,55295,0,0
54905,55295,0,0
54975,55295,0,0
55044,55295,0,0
55114,55295,0,0
55184,55295,0,0
55253,55295,0,0
55323,55295,17920,0
55392,55295,65535,17920
55459,55295,65535,65535
55439,55295,65535,65535
55217,55295,15616,65535
54996,55295,0,15616
54785,55295,0,0
54790,55295,0,0
54860,55295,0,0
54930,55295,0,0
55000,55295,0,0
55069,55295,0,0
55139,55295,0,0
55209,55295,0,0
55279,55295,0,0
55348,55295,33919,0
55418,55295,65535,33919
55481,55295,65535,65535
55393,55295,65535,65535
55171,55295,0,65535
54950,55295,0,0
54742,55295,0,0
54811,55295,0,0
54881,55295,0,0
54951,55295,0,0
55020,55295,0,0
55089,55295,0,0
55158,55295,0,0
55228,55295,0,0
55296,55295,640,0
55365,55295,45439,640
55434,55295,65535,45439
55491,55295,65535,65535
55353,55295,65535,65535
55130,55295,0,65535
54907,55295,0,0
54698,55295,0,0
54767,55295,0,0
54835,55295,0,0
54904,55295,0,0
54972,55295,0,0
55040,55295,0,0
55108,55295,0,0
55175,55295,0,0
55243,55295,0,0
55310,55295,9600,0
55377,55295,62079,9600
55442,55295,65535,62078
55457,55295,65535,65535
55243,55295,32256,65535
55006,55295,0,32256
54761,55295,0,0
54638,55295,0,0
54626,55295,0,0
54589,55295,0,0
54553,55295,0,0
54516,55295,0,0
54479,55295,0,0
54442,55295,0,0
54405,55295,0,0
54368,55295,0,0
54331,55295,0,0
54294,55295,0,0
54257,55295,0,0
54220,55295,0,0
54183,55295,0,0
54146,55295,0,0
54109,55295,0,0
54073,55295,0,0
54036,55295,0,0
53999,55295,0,0
53963,55295,0,0
53926,55295,0,0
53890,55295,0,0
53853,55295,0,0
53817,55295,0,0
53780,55295,0,0
53744,55295,0,0
53708,55295,0,0
53671,55295,0,0
53635,55295,0,0
53599,55295,0,0
53563,55295,0,0
53527,55295,0,0
53491,55295,0,0
53455,55295,0,0
53419,55295,0,0
53348,55295,0,0
53348,55295,0,0
53312,55295,0,0
53241,55295,0,0
53206,55295,0,0
53171,55295,0,0
53136,55295,0,0
53101,55295,0,0
53066,55295,0,0
53031,55295,0,0
52996,55295,0,0
52962,55295,0,0
52927,55295,0,0
52897,55295,0,0
52876,55295,0,0
52870,55295,0,0
52883,55295,0,0
52921,55295,0,0
52991,55295,0,0
53061,55295,0,0
53131,55295,0,0
53201,55295,0,0
53271,55295,0,0
53341,55295,0,0
53411,55295,0,0
53481,55295,0,0
53551,55295,0,0
53621,55295,0,0
53691,55295,0,0
53761,55295,0,0
53831,55295,0,0
53901,55295,0,0
53971,55295,0,0
54042,55295,0,0
54112,55295,0,0
54182,55295,0,0
54252,55295,0,0
54322,55295,0,0
54392,55295,0,0
54463,55295,0,0
54533,55295,0,0
54603,55295,0,0
54673,55295,0,0
54743,55295,0,0
54813,55295,0,0
54883,55295,0,0
54953,55295,0,0
55023,55295,0,0
55093,55295,0,0
55163,55295,0,0
55233,55295,0,0
55302,55295,4480,0
55372,55295,53759,4480
55440,55295,65535,53759
55481,55295,65535,65535
55309,55295,65535,65535
55087,55295,0,65535
54867,55295,0,0
54659,55295,0,0
54729,55295,0,0
54799,55295,0,0
54869,55295,0,0
54939,55295,0,0
55010,55295,0,0
55080,55295,0,0
55148,55295,0,0
55235,55295,0,0
55300,55295,3200,0
55356,55295,42239,3200
55424,55295,65535,42238
55471,55295,65535,65535
55347,55295,65535,65535
55125,55295,0,65535
54903,55295,0,0
54694,55295,0,0
54764,55295,0,0
54833,55295,0,0
54902,55295,0,0
54970,55295,0,0
55039,55295,0,0
55107,55295,0,0
55176,55295,0,0
55244,55295,0,0
55312,55295,10880,0
55379,55295,64638,10879
55445,55295,65535,64638
55454,55295,65535,65535
55233,55295,25856,65535
55009,55295,0,25856
54794,55295,0,0
54752,55295,0,0
54820,55295,0,0
54887,55295,0,0
54952,55295,0,0
55035,55295,0,0
55035,55295,0,0
55049,55295,0,0
55037,55295,0,0
54962,55295,0,0
54962,55295,0,0
54887,55295,0,0
54850,55295,0,0
54812,55295,0,0
54775,55295,0,0
54737,55295,0,0
54700,55295,0,0
54663,55295,0,0
54625,55295,0,0
54588,55295,0,0
54551,55295,0,0
54513,55295,0,0
54476,55295,0,0
54439,55295,0,0
54401,55295,0,0
54362,55295,0,0
54282,55295,0,0
54254,55295,0,0
54217,55295,0,0
54180,55295,0,0
54144,55295,0,0
54107,55295,0,0
54070,55295,0,0
54034,55295,0,0
53997,55295,0,0
53960,55295,0,0
53924,55295,0,0
53886,55295,0,0
53851,55295,0,0
53815,55295,0,0
53779,55295,0,0
53743,55295,0,0
53707,55295,0,0
53671,55295,0,0
53635,55295,0,0
53564,55295,0,0
53494,55295,0,0
53493,55295,0,0
53458,55295,0,0
53422,55295,0,0
53388,55295,0,0
53353,55295,0,0
53318,55295,0,0
53287,55295,0,0
53264,55295,0,0
53255,55295,0,0
53270,55295,0,0
53309,55295,0,0
53377,55295,0,0
53447,55295,0,0
53516,55295,0,0
53586,55295,0,0
53656,55295,0,0
53725,55295,0,0
53795,55295,0,0
53865,55295,0,0
53934,55295,0,0
54004,55295,0,0
54074,55295,0,0
54143,55295,0,0
54213,55295,0,0
54283,55295,0,0
54353,55295,0,0
54422,55295,0,0
54493,55295,0,0
54565,55295,0,0
54655,55295,0,0
54771,55295,0,0
54841,55295,0,0
54911,55295,0,0
54981,55295,0,0
55051,55295,0,0
55120,55295,0,0
55190,55295,0,0
55260,55295,0,0
55329,55295,21760,0
55399,55295,65535,0
55464,55295,65535,65535
55429,55295,65535,65535
55207,55295,9213,65535
54986,55295,0,9213
54776,55295,0,0
54807,55295,0,0
54877,55295,0,0
54947,55295,0,0
55017,55295,0,0
55087,55295,0,0
55157,55295,0,0
55227,55295,0,0
55296,55295,640,0
55366,55295,46079,640
55435,55295,65535,46079
55493,55295,65535,65535
55354,55295,65535,65535
55131,55295,0,65535
54910,55295,0,0
54702,55295,0,0
54772,55295,0,0
54841,55295,0,0
54911,55295,0,0
54980,55295,0,0
55049,55295,0,0
55118,55295,0,0
55187,55295,0,0
55256,55295,0,0
55324,55295,18560,0
55393,55295,65535,18560
55458,55295,65535,65535
55434,55295,65535,65535
55211,55295,11773,65535
54988,55295,0,11773
54776,55295,0,0
54794,55295,0,0
54863,55295,0,0
54931,55295,0,0
54999,55295,0,0
55066,55295,0,0
55134,55295,0,0
55201,55295,0,0
55269,55295,0,0
55336,55295,26240,0
55403,55295,65535,26240
55456,55295,65535,65535
55386,55295,65535,65535
55126,55295,0,65535
54857,55295,0,0
54563,55295,0,0
54526,55295,0,0
54489,55295,0,0
54452,55295,0,0
54416,55295,0,0
54379,55295,0,0
54342,55295,0,0
54305,55295,0,0
54268,55295,0,0
54231,55295,0,0
54194,55295,0,0
54157,55295,0,0
54121,55295,0,0
54084,55295,0,0
54047,55295,0,0
54011,55295,0,0
53974,55295,0,0
53937,55295,0,0
53901,55295,0,0
53864,55295,0,0
53828,55295,0,0
53755,55295,0,0
53718,55295,0,0
53683,55295,0,0
53646,55295,0,0
53610,55295,0,0
53574,55295,0,0
53538,55295,0,0
53502,55295,0,0
53466,55295,0,0
53430,55295,0,0
53395,55295,0,0
53359,55295,0,0
53323,55295,0,0
53288,55295,0,0
53252,55295,0,0
53217,55295,0,0
53182,55295,0,0
53146,55295,0,0
53111,55295,0,0
53076,55295,0,0
53042,55295,0,0
53007,55295,0,0
52972,55295,0,0
52938,55295,0,0
52904,55295,0,0
52872,55295,0,0
52850,55295,0,0
52839,55295,0,0
52846,55295,0,0
52872,55295,0,0
52926,55295,0,0
53066,55295,0,0
53066,55295,0,0
53219,55295,0,0
53276,55295,0,0
53346,55295,0,0
53416,55295,0,0
53486,55295,0,0
53556,55295,0,0
53626,55295,0,0
53696,55295,0,0
53766,55295,0,0
53837,55295,0,0
53907,55295,0,0
53977,55295,0,0
54047,55295,0,0
54118,55295,0,0
54188,55295,0,0
54258,55295,0,0
54328,55295,0,0
54399,55295,0,0
54469,55295,0,0
54539,55295,0,0
54609,55295,0,0
54680,55295,0,0
54750,55295,0,0
54820,55295,0,0
54890,55295,0,0
54960,55295,0,0
55030,55295,0,0
55100,55295,0,0
55170,55295,0,0
55239,55295,0,0
55309,55295,8960,0
55379,55295,62719,8960
55447,55295,65535,62719
55466,55295,65535,65535
55256,55295,40575,65535
55035,55295,0,40575
54819,55295,0,0
54717,55295,0,0
54787,55295,0,0
54858,55295,0,0
54928,55295,0,0
54997,55295,0,0
55067,55295,0,0
55137,55295,0,0
55206,55295,0,0
55276,55295,0,0
55345,55295,32000,0
55414,55295,65535,32000
55477,55295,65535,65535
55397,55295,65535,65535
55174,55295,0,65535
54953,55295,0,0
54743,55295,0,0
54813,55295,0,0
54882,55295,0,0
54951,55295,0,0
55020,55295,0,0
55088,55295,0,0
55157,55295,0,0
55225,55295,0,0
55293,55295,0,0
55361,55295,42239,0
55429,55295,65535,42238
55489,55295,65535,65535
55364,55295,65535,65535
55140,55295,0,65535
54917,55295,0,0
54706,55295,0,0
54774,55295,0,0
54842,55295,0,0
54986,55295,0,0
55040,55295,0,0
55091,55295,0,0
55119,55295,0,0
55125,55295,0,0
55103,55295,0,0
55065,55295,0,0
55028,55295,0,0
54991,55295,0,0
54953,55295,0,0
54916,55295,0,0
54878,55295,0,0
54841,55295,0,0
54803,55295,0,0
54766,55295,0,0
54728,55295,0,0
54691,55295,0,0
54616,55295,0,0
54579,55295,0,0
54542,55295,0,0
54505,55295,0,0
54468,55295,0,0
54431,55295,0,0
54394,55295,0,0
54357,55295,0,0
54320,55295,0,0
54283,55295,0,0
54246,55295,0,0
54209,55295,0,0
54173,55295,0,0
54136,55295,0,0
54099,55295,0,0
54063,55295,0,0
54026,55295,0,0
53990,55295,0,0
53950,55295,0,0
53917,55295,0,0
53881,55295,0,0
53845,55295,0,0
53809,55295,0,0
53773,55295,0,0
53737,55295,0,0
53701,55295,0,0
53665,55295,0,0
53630,55295,0,0
53594,55295,0,0
53559,55295,0,0
53523,55295,0,0
53488,55295,0,0
53453,55295,0,0
53418,55295,0,0
53384,55295,0,0
53353,55295,0,0
53332,55295,0,0
53326,55295,0,0
53340,55295,0,0
53380,55295,0,0
53449,55295,0,0
53518,55295,0,0
53588,55295,0,0
53657,55295,0,0
53727,55295,0,0
53866,55295,0,0
53866,55295,0,0
54005,55295,0,0
54075,55295,0,0
54145,55295,0,0
54215,55295,0,0
54284,55295,0,0
54354,55295,0,0
54424,55295,0,0
54494,55295,0,0
54563,55295,0,0
54633,55295,0,0
54703,55295,0,0
54773,55295,0,0
54843,55295,0,0
54912,55295,0,0
54982,55295,0,0
55052,55295,0,0
55122,55295,0,0
55192,55295,0,0
55261,55295,0,0
55331,55295,23040,0
55401,55295,65535,23040
55466,55295,65535,65535
55425,55295,65535,65535
55203,55295,6653,65535
54982,55295,0,6653
54773,55295,0,0
54815,55295,0,0
54885,55295,0,0
54955,55295,0,0
55025,55295,0,0
55095,55295,0,0
55165,55295,0,0
55234,55295,0,0
55304,55295,5760,0
55374,55295,56319,5760
55442,55295,65535,56319
55476,55295,65535,65535
55293,55295,64255,65535
55071,55295,0,64255
54851,55295,0,0
54644,55295,0,0
54714,55295,0,0
54784,55295,0,0
54854,55295,0,0
54923,55295,0,0
54992,55295,0,0
55062,55295,0,0
55131,55295,0,0
55200,55295,0,0
55269,55295,0,0
55337,55295,26880,0
55405,55295,65535,26880
55468,55295,65535,65535
55409,55295,65535,65535
55186,55295,0,65535
54963,55295,0,0
54754,55295,0,0
54822,55295,0,0
54890,55295,0,0
54959,55295,0,0
55026,55295,0,0
55094,55295,0,0
55162,55295,0,0
55229,55295,0,0
55296,55295,640,0
55363,55295,44159,640
55430,55295,65535,44159
55478,55295,65535,65535
55061,55295,0,65535
55061,55295,0,0
54475,55295,0,0
54438,55295,0,0
54402,55295,0,0
54365,55295,0,0
54328,55295,0,0
54291,55295,0,0
54254,55295,0,0
54218,55295,0,0
54181,55295,0,0
54144,55295,0,0
54107,55295,0,0
54071,55295,0,0
54034,55295,0,0
53997,55295,0,0
53961,55295,0,0
53924,55295,0,0
53888,55295,0,0
53851,55295,0,0
53815,55295,0,0
53779,55295,0,0
53742,55295,0,0
53706,55295,0,0
53670,55295,0,0
53634,55295,0,0
53597,55295,0,0
53561,55295,0,0
53525,55295,0,0
53489,55295,0,0
53453,55295,0,0
53417,55295,0,0
53382,55295,0,0
53346,55295,0,0
53310,55295,0,0
53275,55295,0,0
53239,55295,0,0
53204,55295,0,0
53168,55295,0,0
53133,55295,0,0
53098,55295,0,0
53063,55295,0,0
53028,55295,0,0
52993,55295,0,0
52958,55295,0,0
52924,55295,0,0
52889,55295,0,0
52855,55295,0,0
52821,55295,0,0
52789,55295,0,0
52765,55295,0,0
52753,55295,0,0
52759,55295,0,0
52788,55295,0,0
52845,55295,0,0
52915,55295,0,0
52985,55295,0,0
53126,55295,0,0
53126,55295,0,0
53266,55295,0,0
53336,55295,0,0
53406,55295,0,0
53477,55295,0,0
53547,55295,0,0
53617,55295,0,0
53687,55295,0,0
53758,55295,0,0
53828,55295,0,0
53898,55295,0,0
53969,55295,0,0
54039,55295,0,0
54109,55295,0,0
54180,55295,0,0
54250,55295,0,0
54320,55295,0,0
54391,55295,0,0
54461,55295,0,0
54531,55295,0,0
54602,55295,0,0
54672,55295,0,0
54742,55295,0,0
54812,55295,0,0
54882,55295,0,0
54952,55295,0,0
55022,55295,0,0
55092,55295,0,0
55162,55295,0,0
55232,55295,0,0
55302,55295,4480,0
55371,55295,53119,4480
55440,55295,65535,53119
55480,55295,65535,65535
55311,55295,65535,65535
55090,55295,0,65535
54869,55295,0,0
54661,55295,0,0
54732,55295,0,0
54802,55295,0,0
54871,55295,0,0
54941,55295,0,0
55011,55295,0,0
55080,55295,0,0
55150,55295,0,0
55219,55295,0,0
55289,55295,0,0
55358,55295,40319,0
55427,55295,65535,40319
55488,55295,65535,65535
55372,55295,65535,65535
55150,55295,0,65535
54928,55295,0,0
54718,55295,0,0
54788,55295,0,0
54857,55295,0,0
54925,55295,0,0
54994,55295,0,0
55062,55295,0,0
55131,55295,0,0
55199,55295,0,0
55267,55295,0,0
55402,55295,65535,0
55465,55295,65535,24960
