MW0,MW1,MW2,MW3,MW4,QW0,QW1,QW2,QW3,IW0,IW1,IW2,IW3,IW4,IW5,IW6,IW7,IW8,IW9,IW10
19660,30801,55295,31675,28835,65535,0,0,6438,65535,65535,0,0,65535,65535,6018,2556,55170,28877,31452
19660,30801,55295,31675,28835,65535,0,0,6928,65535,65535,0,0,0,0,6438,2729,54951,28884,31451
19660,30801,55295,31675,28835,65535,0,0,7488,65535,65535,0,0,0,0,6928,2938,55020,28891,31451
19660,30801,55295,31675,28835,65535,0,0,8108,65535,65535,0,0,0,0,7488,3178,55088,28897,31451
19660,30801,55295,31675,28835,65535,0,0,8798,65535,65535,0,0,0,0,8108,3443,55156,28904,31451
19660,30801,55295,31675,28835,65535,0,0,9548,65535,65535,0,0,0,0,8798,3738,55225,28910,31450
19660,30801,55295,31675,28835,65535,0,0,10368,65535,65535,0,0,0,0,9548,4060,55293,28917,31450
19660,30801,55295,31675,28835,65535,0,42239,11248,65535,65535,0,0,0,0,10368,4411,55361,28923,31450
19660,30801,55295,31675,28835,65535,0,65535,12188,65535,65535,0,0,42238,65535,11248,4789,55427,28929,31450
19660,30801,55295,31675,28835,65535,0,65535,13178,65535,65535,0,0,65535,65535,12188,5183,55307,28934,31449
19660,30801,55295,31675,28835,65535,0,0,14228,65535,65535,0,0,65535,65535,13178,5593,55083,28940,31449
19660,30801,55295,31675,28835,65535,0,0,15328,65535,65535,0,0,0,0,14228,6026,54864,28945,31449
19660,30801,55295,31675,28835,65535,0,0,16477,65535,65535,0,0,0,0,15327,6496,54932,28950,31449
19660,30801,55295,31675,28835,65535,0,0,17677,65535,65535,0,0,0,0,16477,6987,55000,28955,31448
19660,30801,55295,31675,28835,65535,0,0,18917,65535,65535,0,0,0,0,17677,7501,55068,28959,31448
19660,30801,55295,31675,28835,65535,0,0,20197,65535,65535,0,0,0,0,18917,8032,55136,28963,31448
19660,30801,55295,31675,28835,65535,0,0,21517,65535,65535,0,0,0,0,20197,8581,55204,28967,31448
19660,30801,55295,31675,28835,65535,0,0,22876,65535,65535,0,0,0,0,21516,9148,55271,28971,31447
19660,30801,55295,31675,28835,65535,0,28160,24266,65535,65535,0,0,0,0,22876,9732,55339,28974,31447
19660,30801,55295,31675,28835,65535,0,65535,25686,65535,65535,0,0,28160,65535,24266,10330,55405,28977,31447
19660,30801,55295,31675,28835,65535,0,65535,27126,65535,65535,0,0,65535,65535,25686,10928,55346,28979,31447
19660,30801,55295,31675,28835,65535,0,0,28596,65535,65535,0,0,65535,65535,27126,11517,55121,28982,31446
19660,30801,55295,31675,28835,65535,0,0,30086,65535,65535,0,0,0,0,28596,12115,54901,28984,31446
19660,30801,55295,31675,28835,65535,0,0,31586,65535,65535,0,0,0,0,30086,12754,54968,28985,31446
19660,30801,55295,31675,28835,65535,0,0,33096,65535,65535,0,0,0,0,31586,13399,55036,28986,31446
19660,30801,55295,31675,28835,65535,0,0,34616,65535,65535,0,0,0,0,33096,14048,55103,28987,31445
19660,30801,55295,31675,28835,65535,0,0,36146,65535,65535,0,0,0,0,34616,14703,55170,28988,31445
19660,30801,55295,31675,28835,65535,0,0,37676,65535,65535,0,0,0,0,36146,15362,55237,28988,31445
19660,30801,55295,31675,28835,65535,0,5120,39206,65535,65535,0,0,0,0,37676,16023,55303,28988,31445
19660,30801,55295,31675,28835,65535,0,53119,40726,65535,65535,0,0,5120,18392,39206,16684,55370,28987,31444
19660,30801,55295,31675,28835,65535,0,65535,42236,65535,65535,0,0,53119,65535,40726,17338,55411,28986,31444
19660,30801,55295,31675,28835,65535,0,30976,43735,65535,65535,0,0,65535,65535,42235,17952,55241,28985,31444
19660,30801,55295,31675,28835,65535,0,0,45214,65535,65535,0,0,30975,65535,43734,18550,55018,28983,31444
19660,30801,55295,31675,28835,65535,0,0,46674,65535,65535,0,0,0,0,45214,19165,54948,28981,31443
19660,30801,55295,31675,28835,65535,0,0,48114,65535,65535,0,0,0,0,46674,19796,55015,28979,31443
19660,30801,55295,31675,28835,65535,0,0,49524,64855,65535,0,0,0,0,48114,20419,55080,28976,31443
19660,30801,55295,31675,28835,65535,0,0,50904,61059,65535,0,0,0,0,49524,21029,55140,28973,31443
19660,30801,55295,31675,28835,65535,0,0,52254,54214,65535,0,0,0,0,50904,21625,55188,28970,31442
19660,30801,55295,31675,28835,65535,0,0,53564,44389,56858,0,0,0,0,52254,22205,55221,28966,31442
19660,30801,55295,31675,28835,65535,0,0,54834,31664,40559,0,0,0,0,53564,22765,55234,28962,31441
19660,30801,55295,31675,28835,65535,0,0,56054,16139,20672,0,0,0,0,54834,23302,55222,28957,31441
19660,30801,55295,31675,28835,65535,0,0,57234,0,0,0,0,0,0,56054,23813,55185,28953,31440
19660,30801,55295,31675,28835,65535,0,0,58364,0,0,0,0,0,0,57234,24305,55147,28948,31439
19660,30801,55295,31675,28835,65535,0,0,59444,0,0,0,0,0,0,58364,24776,55109,28943,31438
19660,30801,55295,31675,28835,65535,0,0,60464,0,0,0,0,0,0,59444,25225,55071,28937,31437
19660,30801,55295,31675,28835,0,0,0,61423,0,0,0,0,0,0,60463,25649,55032,28931,31436
19660,30801,55295,31675,28835,65535,0,0,62322,0,0,0,0,0,0,61422,26046,54994,28925,31435
19660,30801,55295,31675,28835,65535,0,0,63161,0,0,0,0,0,0,62321,26418,54956,28919,31434
19660,30801,55295,31675,28835,65535,0,0,63941,0,0,0,0,0,0,63161,26764,54917,28913,31433
19660,30801,55295,31675,28835,65535,0,0,64651,0,0,0,0,0,0,63941,27085,54879,28906,31432
19660,30801,55295,31675,28835,65535,0,0,65291,0,0,0,0,0,0,64651,27376,54841,28899,31432
19660,30801,55295,31675,28835,65535,0,0,65535,0,0,0,0,0,0,65291,27637,54802,28892,31431
19660,30801,55295,31675,28835,65535,0,0,65535,0,0,0,0,0,0,65535,27730,54764,28885,31430
19660,30801,55295,31675,28835,65535,0,0,65535,0,0,0,0,0,0,65535,27720,54726,28878,31429
19660,30801,55295,31675,28835,65535,0,0,65535,0,0,0,0,0,0,65535,27710,54688,28871,31428
19660,30801,55295,31675,28835,65535,0,0,65535,0,0,0,0,0,0,65535,27700,54650,28863,31427
19660,30801,55295,31675,28835,65535,0,0,65535,0,0,0,0,0,0,65535,27690,54611,28856,31426
19660,30801,55295,31675,28835,65535,0,0,65535,0,0,0,0,0,0,65535,27680,54573,28849,31425
19660,30801,55295,31675,28835,65535,0,0,65535,0,0,0,0,0,0,65535,27670,54535,28842,31424
19660,30801,55295,31675,28835,65535,0,0,65525,0,0,0,0,0,0,65535,27660,54497,28834,31424
19660,30801,55295,31675,28835,65535,0,0,65445,0,0,0,0,0,0,65525,27645,54459,28827,31423
19660,30801,55295,31675,28835,65535,0,0,65295,0,0,0,0,0,0,65445,27602,54421,28820,31422
19660,30801,55295,31675,28835,65535,0,0,65075,0,0,0,0,0,0,65295,27528,54384,28813,31421
19660,30801,55295,31675,28835,65535,0,0,64785,0,0,0,0,0,0,65075,27426,54346,28806,31420
19660,30801,55295,31675,28835,65535,0,0,64415,0,0,0,0,0,0,64785,27294,54308,28798,31419
19660,30801,55295,31675,28835,65535,0,0,63975,0,0,0,0,0,0,64415,27128,54270,28791,31418
19660,30801,55295,31675,28835,65535,0,0,63465,0,0,0,0,0,0,63975,26933,54233,28784,31417
19660,30801,55295,31675,28835,65535,0,0,62885,0,0,0,0,0,0,63465,26709,54195,28777,31416
19660,30801,55295,31675,28835,65535,0,0,62245,0,0,0,0,0,0,62885,26455,54158,28771,31415
19660,30801,55295,31675,28835,65535,0,0,61534,0,0,0,0,0,0,62244,26176,54120,28764,31415
19660,30801,55295,31675,28835,65535,0,0,60753,0,0,0,0,0,0,61533,25868,54083,28757,31414
19660,30801,55295,31675,28835,65535,0,0,59912,0,0,0,0,0,0,60752,25531,54046,28751,31413
19660,30801,55295,31675,28835,65535,0,0,59012,0,0,0,0,0,0,59912,25168,54008,28745,31412
19660,30801,55295,31675,28835,65535,0,0,58052,0,0,0,0,0,0,59012,24781,53971,28739,31411
19660,30801,55295,31675,28835,65535,0,0,57032,0,0,0,0,0,0,58052,24369,53934,28733,31410
19660,30801,55295,31675,28835,65535,0,0,55962,0,0,0,0,0,0,57032,23933,53897,28728,31409
19660,30801,55295,31675,28835,65535,0,0,54832,0,0,0,0,0,0,55962,23475,53860,28722,31408
19660,30801,55295,31675,28835,65535,0,0,53662,0,0,0,0,0,0,54832,23001,53824,28718,31407
19660,30801,55295,31675,28835,65535,0,0,52442,0,0,0,0,0,0,53662,22494,53787,28713,31406
19660,30801,55295,31675,28835,65535,0,0,51172,0,0,0,0,0,0,52442,21975,53751,28708,31406
19660,30801,55295,31675,28835,65535,0,0,49862,0,0,0,0,0,0,51172,21436,53714,28704,31405
19660,30801,55295,31675,28835,65535,0,0,48512,0,0,0,0,0,0,49862,20879,53678,28700,31404
19660,30801,55295,31675,28835,65535,0,0,47122,0,0,0,0,0,0,48512,20307,53642,28696,31403
19660,30801,55295,31675,28835,65535,0,0,45702,0,0,0,0,0,0,47122,19718,53606,28693,31402
19660,30801,55295,31675,28835,65535,0,0,44252,0,0,0,0,0,0,45702,19117,53570,28690,31401
19660,30801,55295,31675,28835,8489,0,0,42772,2714,3477,0,0,0,0,44252,18505,53538,28687,31400
19660,30801,55295,31675,28835,65535,0,0,41271,8489,10873,0,0,0,0,42771,17882,53515,28685,31399
19660,30801,55295,31675,28835,65535,0,0,39751,29414,37676,0,0,0,0,41271,17253,53506,28683,31399
19660,30801,55295,31675,28835,65535,0,0,38211,29414,37676,0,0,0,0,39751,16619,53517,28681,31398
19660,30801,55295,31675,28835,65535,0,0,36661,44619,57153,0,0,0,0,38211,15981,53551,28680,31398
19660,30801,55295,31675,28835,65535,0,0,33541,65535,65535,0,0,0,0,35101,14699,53614,28679,31398
19660,30801,55295,31675,28835,65535,0,0,33531,65535,65535,0,0,0,0,35101,14699,53682,28678,31397
19660,30801,55295,31675,28835,65535,0,0,31961,65535,65535,0,0,0,0,33531,14050,53751,28678,31397
19660,30801,55295,31675,28835,65535,0,0,28820,65535,65535,0,0,0,0,30390,12751,53819,28678,31397
19660,30801,55295,31675,28835,65535,0,0,27270,65535,65535,0,0,0,0,28830,12104,53888,28679,31397
19660,30801,55295,31675,28835,65535,0,0,27280,65535,65535,0,0,0,0,28830,12104,53956,28680,31397
19660,30801,55295,31675,28835,65535,0,0,24200,65535,65535,0,0,0,0,25740,10821,54024,28681,31397
19660,30801,55295,31675,28835,65535,0,0,22700,65535,65535,0,0,0,0,24220,10189,54093,28683,31396
19660,30801,55295,31675,28835,65535,0,0,21220,65535,65535,0,0,0,0,22720,9564,54161,28685,31396
19660,30801,55295,31675,28835,65535,0,0,19759,65535,65535,0,0,0,0,21239,8947,54230,28687,31396
19660,30801,55295,31675,28835,65535,0,0,18339,65535,65535,0,0,0,0,19789,8341,54298,28690,31396
19660,30801,55295,31675,28835,65535,0,0,16949,65535,65535,0,0,0,0,18369,7748,54367,28693,31396
19660,30801,55295,31675,28835,65535,0,0,15609,65535,65535,0,0,0,0,16989,7170,54435,28697,31396
19660,30801,55295,31675,28835,65535,0,0,14289,65535,65535,0,0,0,0,15639,6605,54504,28700,31395
19660,30801,55295,31675,28835,65535,0,0,13039,65535,65535,0,0,0,0,14339,6060,54572,28705,31395
19660,30801,55295,31675,28835,65535,0,0,11819,65535,65535,0,0,0,0,13079,5531,54641,28709,31395
19660,30801,55295,31675,28835,65535,0,0,10659,65535,65535,0,0,0,0,11869,5022,54709,28714,31395
19660,30801,55295,31675,28835,65535,0,0,9548,65535,65535,0,0,0,0,10708,4534,54778,28719,31395
19660,30801,55295,31675,28835,65535,0,0,8508,65535,65535,0,0,0,0,9608,4071,54846,28725,31394
19660,30801,55295,31675,28835,65535,0,0,7568,65535,65535,0,0,0,0,8558,3628,54983,28736,31394
19660,30801,55295,31675,28835,65535,0,0,6647,65535,65535,0,0,0,0,7567,3210,55052,28743,31394
19660,30801,55295,31675,28835,65535,0,0,5787,65535,65535,0,0,0,0,6647,2822,55120,28749,31394
19660,30801,55295,31675,28835,65535,0,0,4997,65535,65535,0,0,0,0,5787,2458,55188,28756,31394
19660,30801,55295,31675,28835,65535,0,0,4277,65535,65535,0,0,0,0,4997,2124,55257,28763,31393
19660,30801,55295,31675,28835,65535,0,19200,3627,65535,65535,0,0,0,0,4277,1819,55325,28770,31393
19660,30801,55295,31675,28835,65535,0,38400,2977,65535,65535,0,0,19200,65535,3627,1543,55325,28770,31393
19660,30801,55295,31675,28835,65535,0,65535,2547,65535,65535,0,0,65535,65535,3047,1296,55374,28785,31393
19660,30801,55295,31675,28835,65535,0,0,2127,65535,65535,0,0,65535,65535,2547,1081,55151,28793,31393
19660,30801,55295,31675,28835,65535,0,0,1777,65535,65535,0,0,0,0,2127,901,54932,28800,31393
19660,30801,55295,31675,28835,65535,0,0,1507,65535,65535,0,0,0,0,1777,753,55001,28808,31392
19660,30801,55295,31675,28835,65535,0,0,1317,65535,65535,0,0,0,0,1507,639,55070,28816,31392
19660,30801,55295,31675,28835,65535,0,0,1206,65535,65535,0,0,0,0,1316,559,55139,28824,31392
19660,30801,55295,31675,28835,65535,0,0,1176,65535,65535,0,0,0,0,1206,512,55207,28832,31392
19660,30801,55295,31675,28835,65535,0,0,1226,65535,65535,0,0,0,0,1176,500,55276,28840,31392
19660,30801,55295,31675,28835,65535,0,32000,1356,65535,65535,0,0,0,0,1226,521,55345,28848,31391
19660,30801,55295,31675,28835,65535,0,65535,1565,65535,65535,0,0,32000,65535,1355,577,55412,28856,31391
19660,30801,55295,31675,28835,65535,0,65535,1855,65535,65535,0,0,65535,65535,1565,665,55337,28864,31391
19660,30801,55295,31675,28835,65535,0,0,2225,65535,65535,0,0,65535,65535,1855,787,55114,28872,31391
19660,30801,55295,31675,28835,65535,0,0,2675,65535,65535,0,0,0,0,2225,942,54895,28880,31391
19660,30801,55295,31675,28835,65535,0,0,3204,65535,65535,0,0,0,0,2674,1134,54964,28888,31391
19660,30801,55295,31675,28835,65535,0,0,3814,65535,65535,0,0,0,0,3204,1359,55033,28896,31390
19660,30801,55295,31675,28835,65535,0,0,4493,65535,65535,0,0,0,0,3813,1618,55102,28903,31390
19660,30801,55295,31675,28835,65535,0,0,5253,65535,65535,0,0,0,0,4493,1908,55170,28911,31390
19660,30801,55295,31675,28835,65535,0,0,6082,65535,65535,0,0,0,0,5252,2232,55239,28918,31390
19660,30801,55295,31675,28835,65535,0,7680,6982,65535,65535,0,0,0,0,6082,2586,55307,28925,31390
19660,30801,55295,31675,28835,65535,0,58878,7952,65535,65535,0,0,7679,27589,6982,2971,55375,28932,31389
19660,30801,55295,31675,28835,65535,0,65535,8992,65535,65535,0,0,58878,65535,7952,3385,55407,28939,31389
19660,30801,55295,31675,28835,65535,0,13693,10092,65535,65535,0,0,65535,65535,8992,3821,55214,28945,31389
19660,30801,55295,31675,28835,65535,0,0,11252,65535,65535,0,0,13693,49014,10092,4279,54993,28951,31389
19660,30801,55295,31675,28835,65535,0,0,12472,65535,65535,0,0,0,0,11252,4771,55001,28957,31389
19660,30801,55295,31675,28835,65535,0,0,13752,65535,65535,0,0,0,0,12472,5292,55070,28963,31389
19660,30801,55295,31675,28835,65535,0,0,15082,65535,65535,0,0,0,0,13752,5839,55138,28968,31388
19660,30801,55295,31675,28835,65535,0,0,16462,65535,65535,0,0,0,0,15082,6408,55206,28973,31388
19660,30801,55295,31675,28835,65535,0,0,17892,65535,65535,0,0,0,0,16462,6999,55274,28978,31388
19660,30801,55295,31675,28835,65535,0,30080,19362,65535,65535,0,0,0,0,17892,7612,55342,28982,31388
19660,30801,55295,31675,28835,65535,0,65535,20882,65535,65535,0,0,30080,65535,19362,8242,55408,28987,31388
19660,30801,55295,31675,28835,65535,0,65535,22432,65535,65535,0,0,65535,65535,20882,8884,55341,28990,31387
19660,30801,55295,31675,28835,65535,0,0,24022,65535,65535,0,0,65535,65535,22432,9523,55117,28994,31387
19660,30801,55295,31675,28835,65535,0,0,25642,65535,65535,0,0,0,0,24022,10177,54896,28997,31387
19660,30801,55295,31675,28835,65535,0,0,27282,65535,65535,0,0,0,0,25642,10870,54964,28999,31387
19660,30801,55295,31675,28835,65535,0,0,28952,65535,65535,0,0,0,0,27282,11573,55032,29002,31387
19660,30801,55295,31675,28835,65535,0,0,30632,65535,65535,0,0,0,0,28952,12289,55099,29003,31387
19660,30801,55295,31675,28835,65535,0,0,32331,65535,65535,0,0,0,0,30631,13010,55167,29005,31386
19660,30801,55295,31675,28835,65535,0,0,34041,65535,65535,0,0,0,0,32331,13740,55234,29006,31386
19660,30801,55295,31675,28835,65535,0,3840,35761,65535,65535,0,0,0,0,34041,14476,55301,29007,31386
19660,30801,55295,31675,28835,65535,0,50558,37481,65535,65535,0,0,3839,13793,35761,15217,55368,29007,31386
19660,30801,55295,31675,28835,65535,0,65535,39191,65535,65535,0,0,50558,65535,37481,15950,55415,29006,31386
19660,30801,55295,31675,28835,65535,0,40575,40901,65535,65535,0,0,65535,65535,39191,16660,55256,29006,31385
19660,30801,55295,31675,28835,65535,0,0,42601,65535,65535,0,0,40575,65535,40901,17351,55033,29005,31385
19660,30801,55295,31675,28835,65535,0,0,44290,65535,65535,0,0,0,0,42600,18052,54921,29004,31385
19660,30801,55295,31675,28835,65535,0,0,45960,65535,65535,0,0,0,0,44290,18780,54988,29002,31385
19660,30801,55295,31675,28835,65535,0,0,47610,65535,65535,0,0,0,0,45960,19500,55055,29000,31385
19660,30801,55295,31675,28835,65535,0,0,49230,65535,65535,0,0,0,0,47610,20213,55121,28997,31385
19660,30801,55295,31675,28835,65535,0,0,50820,62770,65535,0,0,0,0,49230,20913,55183,28994,31384
19660,30801,55295,31675,28835,65535,0,0,52380,56505,65535,0,0,0,0,50820,21599,55235,28991,31384
19660,30801,55295,31675,28835,65535,0,0,53900,46810,59959,0,0,0,0,52380,22270,55272,28987,31384
19660,30801,55295,31675,28835,65535,0,0,55380,33760,43243,0,0,0,0,53900,22920,55288,28983,31383
19660,30801,55295,31675,28835,65535,0,0,56820,17460,22364,0,0,0,0,55380,23547,55279,28979,31383
19660,30801,55295,31675,28835,65535,0,0,58210,0,0,0,0,0,0,56820,24151,55242,28974,31382
19660,30801,55295,31675,28835,65535,0,0,59550,0,0,0,0,0,0,58210,24733,55204,28969,31381
19660,30801,55295,31675,28835,65535,0,0,60830,0,0,0,0,0,0,59550,25293,55165,28963,31380
19660,30801,55295,31675,28835,65535,0,0,62049,0,0,0,0,0,0,60829,25827,55127,28957,31379
19660,30801,55295,31675,28835,65535,0,0,63208,0,0,0,0,0,0,62048,26335,55089,28951,31378
19660,30801,55295,31675,28835,65535,0,0,64308,0,0,0,0,0,0,63208,26818,55050,28945,31377
19660,30801,55295,31675,28835,65535,0,0,65338,0,0,0,0,0,0,64308,27274,55012,28938,31376
19660,30801,55295,31675,28835,65535,0,0,65535,0,0,0,0,0,0,65338,27701,54973,28931,31375
19660,30801,55295,31675,28835,65535,0,0,65535,0,0,0,0,0,0,65535,27775,54935,28924,31374
19660,30801,55295,31675,28835,65535,0,0,65535,0,0,0,0,0,0,65535,27765,54897,28917,31373
19660,30801,55295,31675,28835,65535,0,0,65535,0,0,0,0,0,0,65535,27755,54858,28910,31372
19660,30801,55295,31675,28835,65535,0,0,65535,0,0,0,0,0,0,65535,27744,54820,28903,31371
19660,30801,55295,31675,28835,65535,0,0,65535,0,0,0,0,0,0,65535,27734,54782,28895,31370
19660,30801,55295,31675,28835,65535,0,0,65535,0,0,0,0,0,0,65535,27724,54743,28888,31369
19660,30801,55295,31675,28835,65535,0,0,65535,0,0,0,0,0,0,65535,27714,54705,28881,31369
19660,30801,55295,31675,28835,65535,0,0,65535,0,0,0,0,0,0,65535,27704,54667,28874,31368
19660,30801,55295,31675,28835,0,0,0,65535,0,0,0,0,0,0,65535,27694,54629,28866,31367
19660,30801,55295,31675,28835,65535,0,0,65535,0,0,0,0,0,0,65535,27684,54591,28859,31366
19660,30801,55295,31675,28835,65535,0,0,65535,0,0,0,0,0,0,65535,27674,54553,28852,31365
19660,30801,55295,31675,28835,65535,0,0,65535,0,0,0,0,0,0,65535,27664,54515,28845,31364
19660,30801,55295,31675,28835,65535,0,0,65535,0,0,0,0,0,0,65535,27654,54477,28837,31363
19660,30801,55295,31675,28835,65535,0,0,65485,0,0,0,0,0,0,65535,27644,54439,28830,31362
19660,30801,55295,31675,28835,65535,0,0,65365,0,0,0,0,0,0,65485,27613,54401,28823,31361
19660,30801,55295,31675,28835,65535,0,0,65175,0,0,0,0,0,0,65365,27553,54364,28816,31360
19660,30801,55295,31675,28835,65535,0,0,64905,0,0,0,0,0,0,65175,27463,54326,28808,31359
19660,30801,55295,31675,28835,65535,0,0,64565,0,0,0,0,0,0,64905,27339,54288,28801,31358
19660,30801,55295,31675,28835,65535,0,0,64155,0,0,0,0,0,0,64565,27186,54251,28794,31357
19660,30801,55295,31675,28835,65535,0,0,63675,0,0,0,0,0,0,64155,27004,54213,28787,31356
19660,30801,55295,31675,28835,65535,0,0,63125,0,0,0,0,0,0,63675,26792,54176,28780,31355
19660,30801,55295,31675,28835,65535,0,0,62505,0,0,0,0,0,0,63125,26551,54138,28773,31355
19660,30801,55295,31675,28835,65535,0,0,61815,0,0,0,0,0,0,62505,26281,54101,28766,31354
19660,30801,55295,31675,28835,65535,0,0,61064,0,0,0,0,0,0,61814,25981,54063,28760,31353
19660,30801,55295,31675,28835,65535,0,0,60243,0,0,0,0,0,0,61063,25656,54026,28753,31352
19660,30801,55295,31675,28835,65535,0,0,59363,0,0,0,0,0,0,60243,25302,53989,28747,31351
19660,30801,55295,31675,28835,65535,0,0,58423,0,0,0,0,0,0,59363,24924,53952,28741,31350
19660,30801,55295,31675,28835,65535,0,0,57423,0,0,0,0,0,0,58423,24521,53915,28735,31349
19660,30801,55295,31675,28835,65535,0,0,56373,0,0,0,0,0,0,57423,24092,53878,28730,31348
19660,30801,55295,31675,28835,65535,0,0,55263,0,0,0,0,0,0,56373,23643,53841,28724,31347
19660,30801,55295,31675,28835,65535,0,0,54103,0,0,0,0,0,0,55263,23170,53805,28719,31346
19660,30801,55295,31675,28835,65535,0,0,52893,0,0,0,0,0,0,54103,22675,53768,28714,31345
19660,30801,55295,31675,28835,65535,0,0,51633,0,0,0,0,0,0,52893,22160,53732,28709,31344
19660,30801,55295,31675,28835,65535,0,0,50333,0,0,0,0,0,0,51633,21625,53695,28705,31343
19660,30801,55295,31675,28835,65535,0,0,48993,0,0,0,0,0,0,50333,21073,53659,28701,31342
19660,30801,55295,31675,28835,65535,0,0,47613,0,0,0,0,0,0,48993,20505,53623,28697,31341
19660,30801,55295,31675,28835,65535,0,0,46203,0,0,0,0,0,0,47613,19920,53587,28694,31340
19660,30801,55295,31675,28835,65535,0,0,44763,0,0,0,0,0,0,46203,19323,53551,28691,31340
19660,30801,55295,31675,28835,65535,0,0,43293,1685,2158,0,0,0,0,44763,18715,53518,28688,31339
19660,30801,55295,31675,28835,65535,0,0,41792,6410,8210,0,0,0,0,43292,18096,53492,28685,31338
19660,30801,55295,31675,28835,65535,0,0,40272,14230,18227,0,0,0,0,41792,17466,53478,28683,31337
19660,30801,55295,31675,28835,65535,0,0,38742,25200,32279,0,0,0,0,40272,16831,53466,28682,31336
19660,30801,55295,31675,28835,65535,0,0,37192,39345,50397,0,0,0,0,38742,16193,53492,28680,31336
19660,30801,55295,31675,28835,65535,0,0,35632,56680,65535,0,0,0,0,37192,15554,53545,28679,31336
19660,30801,55295,31675,28835,65535,0,0,34062,65535,65535,0,0,0,0,35632,14911,53613,28678,31336
19660,30801,55295,31675,28835,65535,0,0,32492,65535,65535,0,0,0,0,34062,14263,53681,28678,31335
19660,30801,55295,31675,28835,65535,0,0,30922,65535,65535,0,0,0,0,32492,13615,53750,28678,31335
19660,30801,55295,31675,28835,65535,0,0,29351,65535,65535,0,0,0,0,30921,12966,53818,28678,31335
19660,30801,55295,31675,28835,65535,0,0,27791,65535,65535,0,0,0,0,29351,12315,53887,28679,31335
19660,30801,55295,31675,28835,65535,0,0,26241,65535,65535,0,0,0,0,27791,11668,53955,28680,31335
19660,30801,55295,31675,28835,65535,0,0,24711,65535,65535,0,0,0,0,26241,11025,54024,28682,31335
19660,30801,55295,31675,28835,65535,0,0,23201,65535,65535,0,0,0,0,24711,10389,54092,28684,31335
19660,30801,55295,31675,28835,65535,0,0,21711,65535,65535,0,0,0,0,23201,9760,54161,28686,31335
19660,30801,55295,31675,28835,65535,0,0,20250,65535,65535,0,0,0,0,21710,9139,54229,28689,31335
19660,30801,55295,31675,28835,65535,0,0,18820,65535,65535,0,0,0,0,20250,8530,54298,28692,31335
19660,30801,55295,31675,28835,65535,0,0,17420,65535,65535,0,0,0,0,18820,7933,54367,28695,31335
19660,30801,55295,31675,28835,65535,0,0,16060,65535,65535,0,0,0,0,17420,7347,54435,28699,31335
19660,30801,55295,31675,28835,65535,0,0,14740,65535,65535,0,0,0,0,16060,6778,54504,28703,31334
19660,30801,55295,31675,28835,65535,0,0,13460,65535,65535,0,0,0,0,14740,6225,54572,28707,31334
19660,30801,55295,31675,28835,65535,0,0,12230,65535,65535,0,0,0,0,13460,5688,54641,28712,31334
19660,30801,55295,31675,28835,65535,0,0,11050,65535,65535,0,0,0,0,12230,5172,54710,28717,31334
19660,30801,55295,31675,28835,65535,0,0,9920,65535,65535,0,0,0,0,11050,4676,54778,28722,31334
19660,30801,55295,31675,28835,65535,0,0,8850,65535,65535,0,0,0,0,9920,4200,54847,28728,31334
19660,30801,55295,31675,28835,65535,0,0,7840,65535,65535,0,0,0,0,8850,3750,54915,28734,31334
19660,30801,55295,31675,28835,65535,0,0,6890,65535,65535,0,0,0,0,7840,3324,54984,28740,31334
19660,30801,55295,31675,28835,65535,0,0,6000,65535,65535,0,0,0,0,6890,2923,55053,28746,31334
19660,30801,55295,31675,28835,65535,0,0,5180,65535,65535,0,0,0,0,6000,2547,55121,28753,31334
19660,30801,55295,31675,28835,65535,0,0,4430,65535,65535,0,0,0,0,5180,2200,55190,28760,31333
19660,30801,55295,31675,28835,65535,0,0,3750,65535,65535,0,0,0,0,4430,1883,55258,28767,31333
19660,30801,55295,31675,28835,65535,0,20480,3140,65535,65535,0,0,0,0,3750,1595,55327,28774,31333
19660,30801,55295,31675,28835,65535,0,65535,2610,65535,65535,0,0,20480,65535,3140,1336,55394,28782,31333
19660,30801,55295,31675,28835,65535,0,65535,2150,65535,65535,0,0,65535,65535,2610,1110,55370,28789,31333
19660,30801,55295,31675,28835,65535,0,0,1770,65535,65535,0,0,65535,65535,2150,913,55147,28797,31333
19660,30801,55295,31675,28835,65535,0,0,1470,65535,65535,0,0,0,0,1770,750,54928,28805,31333
19660,30801,55295,31675,28835,65535,0,0,1250,65535,65535,0,0,0,0,1470,623,54997,28813,31333
19660,30801,55295,31675,28835,65535,0,0,1110,65535,65535,0,0,0,0,1250,530,55066,28821,31333
19660,30801,55295,31675,28835,65535,0,0,1050,65535,65535,0,0,0,0,1110,471,55135,28829,31332
19660,30801,55295,31675,28835,65535,0,0,1070,65535,65535,0,0,0,0,1050,446,55204,28837,31332
19660,30801,55295,31675,28835,65535,0,0,1170,65535,65535,0,0,0,0,1070,454,55273,28845,31332
19660,30801,55295,31675,28835,65535,0,29440,1350,65535,65535,0,0,0,0,1170,497,55341,28853,31332
19660,30801,55295,31675,28835,65535,0,65535,1609,65535,65535,0,0,29440,65535,1349,574,55409,28861,31332
19660,30801,55295,31675,28835,65535,0,65535,1949,65535,65535,0,0,65535,65535,1609,684,55345,28869,31332
19660,30801,55295,31675,28835,65535,0,0,2368,65535,65535,0,0,65535,65535,1948,827,55123,28877,31332
19660,30801,55295,31675,28835,65535,0,0,2868,65535,65535,0,0,0,0,2368,1003,54903,28885,31332
19660,30801,55295,31675,28835,65535,0,0,3448,65535,65535,0,0,0,0,2868,1215,54972,28893,31332
19660,30801,55295,31675,28835,65535,0,0,4098,65535,65535,0,0,0,0,3448,1462,55041,28900,31331
19660,30801,55295,31675,28835,65535,0,0,4828,65535,65535,0,0,0,0,4098,1739,55110,28908,31331
19660,30801,55295,31675,28835,65535,0,0,5628,65535,65535,0,0,0,0,4828,2050,55179,28915,31331
19660,30801,55295,31675,28835,65535,0,0,6498,65535,65535,0,0,0,0,5628,2392,55247,28922,31331
19660,30801,55295,31675,28835,65535,0,13440,7438,65535,65535,0,0,0,0,6498,2763,55316,28929,31331
19660,30801,55295,31675,28835,65535,0,65535,8448,65535,65535,0,0,13440,48286,7438,3165,55384,28936,31331
19660,30801,55295,31675,28835,65535,0,65535,9528,65535,65535,0,0,65535,65535,8448,3595,55390,28943,31331
19660,30801,55295,31675,28835,65535,0,0,10668,65535,65535,0,0,65535,65535,9528,4047,55167,28949,31331
19660,30801,55295,31675,28835,65535,0,0,11867,65535,65535,0,0,0,0,10667,4521,54947,28955,31331
19660,30801,55295,31675,28835,65535,0,0,13127,65535,65535,0,0,0,0,11867,5033,55016,28961,31330
19660,30801,55295,31675,28835,65535,0,0,14437,65535,65535,0,0,0,0,13127,5571,55084,28966,31330
19660,30801,55295,31675,28835,65535,0,0,15797,65535,65535,0,0,0,0,14437,6131,55152,28971,31330
19660,30801,55295,31675,28835,65535,0,0,17207,65535,65535,0,0,0,0,15797,6713,55220,28976,31330
19660,30801,55295,31675,28835,65535,0,0,18667,65535,65535,0,0,0,0,17207,7316,55288,28981,31330
19660,30801,55295,31675,28835,65535,0,39039,20167,65535,65535,0,0,0,0,18667,7942,55356,28985,31330
19660,30801,55295,31675,28835,65535,0,65535,21707,65535,65535,0,0,39039,65535,20167,8586,55422,28989,31330
19660,30801,55295,31675,28835,65535,0,65535,23286,65535,65535,0,0,65535,65535,21706,9233,55315,28993,31330
19660,30801,55295,31675,28835,65535,0,0,24896,65535,65535,0,0,65535,65535,23286,9884,55091,28996,31330
19660,30801,55295,31675,28835,65535,0,0,26536,65535,65535,0,0,0,0,24896,10545,54871,28999,31330
19660,30801,55295,31675,28835,65535,0,0,28196,65535,65535,0,0,0,0,26536,11246,54939,29001,31329
19660,30801,55295,31675,28835,65535,0,0,29876,65535,65535,0,0,0,0,28196,11957,55007,29003,31329
19660,30801,55295,31675,28835,65535,0,0,31576,65535,65535,0,0,0,0,29876,12678,55074,29005,31329
19660,30801,55295,31675,28835,65535,0,0,33286,65535,65535,0,0,0,0,31576,13408,55141,29006,31329
19660,30801,55295,31675,28835,65535,0,0,35006,65535,65535,0,0,0,0,33286,14143,55209,29007,31329
19660,30801,55295,31675,28835,65535,0,0,36726,65535,65535,0,0,0,0,35006,14883,55276,29007,31329
19660,30801,55295,31675,28835,65535,0,30720,38446,65535,65535,0,0,0,0,36726,15624,55343,29007,31329
19660,30801,55295,31675,28835,65535,0,65535,40166,65535,65535,0,0,30719,65535,38446,16366,55408,29007,31329
19660,30801,55295,31675,28835,65535,0,65535,41876,65535,65535,0,0,65535,65535,40166,17088,55337,29006,31329
19660,30801,55295,31675,28835,65535,0,0,43576,65535,65535,0,0,65535,65535,41876,17778,55112,29005,31328
19660,30801,55295,31675,28835,65535,0,0,45255,65535,65535,0,0,0,0,43575,18460,54890,29003,31328
19660,30801,55295,31675,28835,65535,0,0,46915,65535,65535,0,0,0,0,45255,19183,54957,29001,31328
19660,30801,55295,31675,28835,65535,0,0,48555,65535,65535,0,0,0,0,46915,19899,55024,28999,31328
19660,30801,55295,31675,28835,65535,0,0,50165,64340,65535,0,0,0,0,48555,20608,55088,28996,31328
19660,30801,55295,31675,28835,65535,0,0,51745,59600,65535,0,0,0,0,50165,21302,55146,28993,31328
19660,30801,55295,31675,28835,65535,0,0,53285,51390,65535,0,0,0,0,51745,21983,55190,28989,31328
19660,30801,55295,31675,28835,65535,0,0,54785,39775,50948,0,0,0,0,53285,22642,55216,28985,31327
19660,30801,55295,31675,28835,65535,0,0,56245,24865,31850,0,0,0,0,54785,23280,55218,28981,31327
19660,30801,55295,31675,28835,65535,0,0,57655,6765,8665,0,0,0,0,56245,23895,55192,28976,31326
19660,30801,55295,31675,28835,65535,0,0,59015,0,0,0,0,0,0,57655,24486,55154,28971,31325
19660,30801,55295,31675,28835,65535,0,0,60325,0,0,0,0,0,0,59015,25054,55116,28966,31324
19660,30801,55295,31675,28835,65535,0,0,61575,0,0,0,0,0,0,60325,25601,55078,28960,31323
19660,30801,55295,31675,28835,65535,0,0,62764,0,0,0,0,0,0,61574,26122,55039,28954,31322
19660,30801,55295,31675,28835,65535,0,0,63894,0,0,0,0,0,0,62764,26617,55001,28948,31321
19660,30801,55295,31675,28835,65535,0,0,65535,0,0,0,0,0,0,64954,27526,54963,28941,31320
19660,30801,55295,31675,28835,65535,0,0,65535,0,0,0,0,0,0,65535,27762,54925,28935,31319
19660,30801,55295,31675,28835,65535,0,0,65535,0,0,0,0,0,0,65535,27762,54886,28927,31318
19660,30801,55295,31675,28835,65535,0,0,65535,0,0,0,0,0,0,65535,27742,54848,28920,31317
19660,30801,55295,31675,28835,0,0,0,65535,0,0,0,0,0,0,65535,27732,54810,28913,31315
19660,30801,55295,31675,28835,65535,0,0,65535,0,0,0,0,0,0,65535,27722,54772,28906,31315
19660,30801,55295,31675,28835,65535,0,0,65535,0,0,0,0,0,0,65535,27712,54733,28899,31313
19660,30801,55295,31675,28835,65535,0,0,65535,0,0,0,0,0,0,65535,27702,54695,28891,31313
19660,30801,55295,31675,28835,65535,0,0,65535,0,0,0,0,0,0,65535,27692,54657,28884,31311
19660,30801,55295,31675,28835,65535,0,0,65535,0,0,0,0,0,0,65535,27682,54581,28869,31310
19660,30801,55295,31675,28835,65535,0,0,65535,0,0,0,0,0,0,65535,27672,54581,28869,31309
19660,30801,55295,31675,28835,65535,0,0,65535,0,0,0,0,0,0,65535,27662,54543,28862,31308
19660,30801,55295,31675,28835,65535,0,0,65535,0,0,0,0,0,0,65535,27652,54505,28855,31308
19660,30801,55295,31675,28835,65535,0,0,65535,0,0,0,0,0,0,65535,27642,54468,28848,31306
19660,30801,55295,31675,28835,65535,0,0,65535,0,0,0,0,0,0,65535,27632,54430,28840,31305
19660,30801,55295,31675,28835,65535,0,0,65495,0,0,0,0,0,0,65515,27613,54392,28833,31304
19660,30801,55295,31675,28835,65535,0,0,65335,0,0,0,0,0,0,65425,27566,54317,28819,31303
19660,30801,55295,31675,28835,65535,0,0,65025,0,0,0,0,0,0,65265,27488,54279,28811,31302
19660,30801,55295,31675,28835,65535,0,0,64715,0,0,0,0,0,0,65025,27377,54241,28804,31301
19660,30801,55295,31675,28835,65535,0,0,64335,0,0,0,0,0,0,64715,27237,54204,28797,31300
19660,30801,55295,31675,28835,65535,0,0,63885,0,0,0,0,0,0,64335,27067,54166,28790,31299
19660,30801,55295,31675,28835,65535,0,0,63365,0,0,0,0,0,0,63885,26868,54129,28783,31299
19660,30801,55295,31675,28835,65535,0,0,62775,0,0,0,0,0,0,63365,26640,54092,28776,31298
19660,30801,55295,31675,28835,65535,0,0,62115,0,0,0,0,0,0,62775,26383,54054,28769,31297
19660,30801,55295,31675,28835,65535,0,0,61384,0,0,0,0,0,0,62114,26096,54017,28762,31296
19660,30801,55295,31675,28835,65535,0,0,60593,0,0,0,0,0,0,61383,25779,53980,28756,31295
19660,30801,55295,31675,28835,65535,0,0,59742,0,0,0,0,0,0,60592,25438,53943,28750,31294
19660,30801,55295,31675,28835,65535,0,0,58822,0,0,0,0,0,0,59742,25072,53906,28743,31293
19660,30801,55295,31675,28835,65535,0,0,57842,0,0,0,0,0,0,58822,24677,53869,28737,31292
19660,30801,55295,31675,28835,65535,0,0,56812,0,0,0,0,0,0,57842,24257,53832,28732,31291
19660,30801,55295,31675,28835,65535,0,0,55722,0,0,0,0,0,0,56812,23817,53796,28726,31290
19660,30801,55295,31675,28835,65535,0,0,54582,0,0,0,0,0,0,55722,23352,53759,28721,31289
19660,30801,55295,31675,28835,65535,0,0,53392,0,0,0,0,0,0,54582,22866,53723,28716,31288
19660,30801,55295,31675,28835,65535,0,0,52152,0,0,0,0,0,0,53392,22359,53686,28711,31287
19660,30801,55295,31675,28835,65535,0,0,50862,0,0,0,0,0,0,52152,21833,53650,28706,31286
19660,30801,55295,31675,28835,65535,0,0,49532,0,0,0,0,0,0,50862,21285,53614,28702,31285
19660,30801,55295,31675,28835,65535,0,0,48162,0,0,0,0,0,0,49532,20721,53578,28698,31284
19660,30801,55295,31675,28835,65535,0,0,46762,0,0,0,0,0,0,48162,20141,53542,28695,31283
19660,30801,55295,31675,28835,65535,0,0,45322,0,0,0,0,0,0,46762,19549,53506,28691,31282
19660,30801,55295,31675,28835,65535,0,0,43852,555,710,0,0,0,0,45322,18940,53471,28688,31281
19660,30801,55295,31675,28835,65535,0,0,42361,4155,5322,0,0,0,0,43851,18321,53442,28686,31280
19660,30801,55295,31675,28835,65535,0,0,40840,10849,13897,0,0,0,0,42360,17694,53423,28683,31279
19660,30801,55295,31675,28835,65535,0,0,39300,20679,26488,0,0,0,0,40840,17059,53420,28681,31279
19660,30801,55295,31675,28835,65535,0,0,37750,33684,43146,0,0,0,0,39300,16418,53437,28680,31278
19660,30801,55295,31675,28835,65535,0,0,36190,49894,63910,0,0,0,0,37750,15777,53480,28679,31278
19660,30801,55295,31675,28835,65535,0,0,34620,65535,65535,0,0,0,0,36190,15135,53547,28678,31278
19660,30801,55295,31675,28835,65535,0,0,33040,65535,65535,0,0,0,0,34620,14488,53616,28677,31278
19660,30801,55295,31675,28835,65535,0,0,31460,65535,65535,0,0,0,0,33040,13836,53684,28677,31278
19660,30801,55295,31675,28835,65535,0,0,29880,65535,65535,0,0,0,0,31460,13183,53753,28677,31278
19660,30801,55295,31675,28835,65535,0,0,28310,65535,65535,0,0,0,0,29880,12529,53822,28678,31278
19660,30801,55295,31675,28835,65535,0,0,26750,65535,65535,0,0,0,0,28310,11879,53890,28679,31278
19660,30801,55295,31675,28835,65535,0,0,25200,65535,65535,0,0,0,0,26750,11231,53959,28680,31278
19660,30801,55295,31675,28835,65535,0,0,23670,65535,65535,0,0,0,0,25200,10588,54027,28682,31278
19660,30801,55295,31675,28835,65535,0,0,22160,65535,65535,0,0,0,0,23670,9951,54096,28684,31278
19660,30801,55295,31675,28835,65535,0,0,20680,65535,65535,0,0,0,0,22160,9323,54165,28687,31278
19660,30801,55295,31675,28835,65535,0,0,19230,65535,65535,0,0,0,0,20680,8706,54233,28690,31278
19660,30801,55295,31675,28835,65535,0,0,17810,65535,65535,0,0,0,0,19230,8101,54302,28693,31278
19660,30801,55295,31675,28835,65535,0,0,16420,65535,65535,0,0,0,0,17810,7507,54371,28696,31278
19660,30801,55295,31675,28835,65535,0,0,15070,65535,65535,0,0,0,0,16420,6926,54439,28700,31278
19660,30801,55295,31675,28835,65535,0,0,13770,65535,65535,0,0,0,0,15070,6361,54508,28705,31278
19660,30801,55295,31675,28835,65535,0,0,12510,65535,65535,0,0,0,0,13770,5816,54577,28709,31278
19660,30801,55295,31675,28835,65535,0,0,11300,65535,65535,0,0,0,0,12510,5287,54645,28714,31278
19660,30801,55295,31675,28835,65535,0,0,10140,65535,65535,0,0,0,0,11300,4779,54714,28719,31278
19660,30801,55295,31675,28835,65535,0,0,9040,65535,65535,0,0,0,0,10140,4291,54783,28725,31278
19660,30801,55295,31675,28835,65535,0,0,8000,65535,65535,0,0,0,0,9040,3828,54852,28731,31278
19660,30801,55295,31675,28835,65535,0,0,7020,65535,65535,0,0,0,0,8000,3390,54920,28737,31278
19660,30801,55295,31675,28835,65535,0,0,6100,65535,65535,0,0,0,0,7020,2976,54989,28743,31278
19660,30801,55295,31675,28835,65535,0,0,5250,65535,65535,0,0,0,0,6100,2588,55058,28750,31278
19660,30801,55295,31675,28835,65535,0,0,4469,65535,65535,0,0,0,0,5249,2229,55126,28757,31278
19660,30801,55295,31675,28835,65535,0,0,3759,65535,65535,0,0,0,0,4469,1898,55195,28764,31277
19660,30801,55295,31675,28835,65535,0,0,3119,65535,65535,0,0,0,0,3759,1598,55264,28771,31277
19660,30801,55295,31675,28835,65535,0,23680,2549,65535,65535,0,0,0,0,3119,1326,55332,28778,31277
19660,30801,55295,31675,28835,65535,0,65535,2059,65535,65535,0,0,23680,65535,2549,1085,55400,28786,31277
19660,30801,55295,31675,28835,65535,0,65535,1649,65535,65535,0,0,65535,65535,2059,876,55361,28794,31277
19660,30801,55295,31675,28835,65535,0,0,1319,65535,65535,0,0,65535,65535,1649,700,55139,28802,31277
19660,30801,55295,31675,28835,65535,0,0,1068,65535,65535,0,0,0,0,1318,558,54920,28810,31277
19660,30801,55295,31675,28835,65535,0,0,898,65535,65535,0,0,0,0,1068,452,54989,28818,31277
19660,30801,55295,31675,28835,65535,0,0,808,65535,65535,0,0,0,0,898,381,55058,28826,31277
19660,30801,55295,31675,28835,65535,0,0,798,65535,65535,0,0,0,0,808,343,55127,28834,31277
19660,30801,55295,31675,28835,65535,0,0,868,65535,65535,0,0,0,0,798,339,55196,28842,31277
19660,30801,55295,31675,28835,65535,0,0,1018,65535,65535,0,0,0,0,868,369,55265,28850,31277
19660,30801,55295,31675,28835,65535,0,24960,1248,65535,65535,0,0,0,0,1018,433,55334,28858,31277
19660,30801,55295,31675,28835,65535,0,65535,1558,65535,65535,0,0,24960,65535,1248,531,55401,28866,31277
19660,30801,55295,31675,28835,65535,0,65535,1948,65535,65535,0,0,65535,65535,1558,662,55357,28874,31277
19660,30801,55295,31675,28835,65535,0,0,2417,65535,65535,0,0,65535,65535,1947,827,55135,28882,31277
19660,30801,55295,31675,28835,65535,0,0,2967,65535,65535,0,0,0,0,2417,1024,54916,28890,31277
19660,30801,55295,31675,28835,65535,0,0,3597,65535,65535,0,0,0,0,2967,1258,54985,28898,31277
19660,30801,55295,31675,28835,65535,0,0,4297,65535,65535,0,0,0,0,3597,1526,55054,28905,31277
19660,30801,55295,31675,28835,65535,0,0,5077,65535,65535,0,0,0,0,4297,1824,55123,28913,31277
19660,30801,55295,31675,28835,65535,0,0,5927,65535,65535,0,0,0,0,5077,2156,55191,28920,31277
19660,30801,55295,31675,28835,65535,0,0,6847,65535,65535,0,0,0,0,5927,2519,55260,28927,31277
19660,30801,55295,31675,28835,65535,0,21120,7837,65535,65535,0,0,0,0,6847,2912,55328,28934,31277
19660,30801,55295,31675,28835,65535,0,65535,8897,65535,65535,0,0,21119,65535,7837,3335,55396,28941,31277
19660,30801,55295,31675,28835,65535,0,65535,10017,65535,65535,0,0,65535,65535,8897,3786,55369,28947,31276
19660,30801,55295,31675,28835,65535,0,0,11197,65535,65535,0,0,65535,65535,10017,4254,55145,28953,31276
19660,30801,55295,31675,28835,65535,0,0,12437,65535,65535,0,0,0,0,11197,4745,54926,28959,31276
19660,30801,55295,31675,28835,65535,0,0,13737,65535,65535,0,0,0,0,12437,5273,54994,28965,31276
19660,30801,55295,31675,28835,65535,0,0,15087,65535,65535,0,0,0,0,13737,5828,55063,28970,31276
19660,30801,55295,31675,28835,65535,0,0,16487,65535,65535,0,0,0,0,15087,6405,55131,28975,31276
19660,30801,55295,31675,28835,65535,0,0,17937,65535,65535,0,0,0,0,16487,7004,55199,28980,31276
19660,30801,55295,31675,28835,65535,0,0,19427,65535,65535,0,0,0,0,17937,7625,55267,28984,31276
19660,30801,55295,31675,28835,65535,0,25600,20957,65535,65535,0,0,0,0,19427,8264,55335,28988,31276
19660,30801,55295,31675,28835,65535,0,65535,22527,65535,65535,0,0,25600,65535,20957,8921,55402,28992,31276
19660,30801,55295,31675,28835,65535,0,65535,24137,65535,65535,0,0,65535,65535,22527,9585,55354,28996,31276
19660,30801,55295,31675,28835,65535,0,0,25777,65535,65535,0,0,65535,65535,24137,10249,55130,28999,31276
19660,30801,55295,31675,28835,65535,0,0,27437,65535,65535,0,0,0,0,25777,10922,54910,29001,31276
19660,30801,55295,31675,28835,65535,0,0,29117,65535,65535,0,0,0,0,27437,11632,54978,29003,31276
19660,30801,55295,31675,28835,65535,0,0,30817,65535,65535,0,0,0,0,29117,12353,55045,29005,31276
19660,30801,55295,31675,28835,65535,0,0,32526,65535,65535,0,0,0,0,30816,13082,55113,29006,31276
19660,30801,55295,31675,28835,65535,0,0,34246,65535,65535,0,0,0,0,32526,13816,55180,29007,31276
19660,30801,55295,31675,28835,65535,0,0,35976,65535,65535,0,0,0,0,34246,14556,55247,29008,31276
19660,30801,55295,31675,28835,65535,0,12160,37706,65535,65535,0,0,0,0,35976,15301,55314,29008,31276
19660,30801,55295,31675,28835,65535,0,65535,39436,65535,65535,0,0,12160,43686,37706,16047,55381,29008,31276
19660,30801,55295,31675,28835,65535,0,65535,41156,65535,65535,0,0,65535,65535,39436,16785,55391,29007,31276
19660,30801,55295,31675,28835,65535,0,0,42866,65535,65535,0,0,65535,65535,41156,17481,55166,29006,31276
19660,30801,55295,31675,28835,65535,0,0,44565,65535,65535,0,0,0,0,42865,18169,54945,29005,31276
19660,30801,55295,31675,28835,65535,0,0,46245,65535,65535,0,0,0,0,44565,18900,55012,29003,31276
19660,30801,55295,31675,28835,65535,0,0,47905,65535,65535,0,0,0,0,46245,19625,55078,29001,31276
19660,30801,55295,31675,28835,65535,0,0,49535,65535,65535,0,0,0,0,47905,20343,55145,28998,31275
19660,30801,55295,31675,28835,65535,0,0,51135,62119,65535,0,0,0,0,49535,21047,55206,28995,31275
19660,30801,55295,31675,28835,65535,0,0,52705,55184,65535,0,0,0,0,51135,21737,55256,28992,31275
19660,30801,55295,31675,28835,65535,0,0,54235,44799,57383,0,0,0,0,52705,22412,55290,28988,31275
19660,30801,55295,31675,28835,65535,0,4480,55725,31038,39758,0,0,0,0,54235,23065,55302,28984,31274
19660,30801,55295,31675,28835,65535,0,0,57165,14013,17949,0,0,4480,16080,55725,23695,55287,28979,31274
19660,30801,55295,31675,28835,65535,0,0,58555,0,0,0,0,0,0,57165,24295,55230,28974,31273
19660,30801,55295,31675,28835,65535,0,0,59895,0,0,0,0,0,0,58555,24877,55192,28969,31272
19660,30801,55295,31675,28835,65535,0,0,61185,0,0,0,0,0,0,59895,25437,55154,28964,31271
19660,30801,55295,31675,28835,65535,0,0,62414,0,0,0,0,0,0,61184,25975,55115,28958,31270
19660,30801,55295,31675,28835,65535,0,0,63573,0,0,0,0,0,0,62413,26487,55077,28951,31269
19660,30801,55295,31675,28835,65535,0,0,64673,0,0,0,0,0,0,63573,26970,55039,28945,31268
19660,30801,55295,31675,28835,65535,0,0,65535,0,0,0,0,0,0,64673,27426,55001,28938,31267
19660,30801,55295,31675,28835,65535,0,0,65535,0,0,0,0,0,0,65535,27782,54962,28931,31266
19660,30801,55295,31675,28835,65535,0,0,65535,0,0,0,0,0,0,65535,27772,54924,28924,31265
19660,30801,55295,31675,28835,65535,0,0,65535,0,0,0,0,0,0,65535,27762,54886,28917,31264
19660,30801,55295,31675,28835,65535,0,0,65535,0,0,0,0,0,0,65535,27752,54847,28909,31263
19660,30801,55295,31675,28835,65535,0,0,65535,0,0,0,0,0,0,65535,27742,54809,28902,31262
19660,30801,55295,31675,28835,65535,0,0,65535,0,0,0,0,0,0,65535,27732,54771,28895,31261
19660,30801,55295,31675,28835,65535,0,0,65535,0,0,0,0,0,0,65535,27722,54733,28888,31260
19660,30801,55295,31675,28835,65535,0,0,65535,0,0,0,0,0,0,65535,27712,54695,28880,31259
19660,30801,55295,31675,28835,65535,0,0,65535,0,0,0,0,0,0,65535,27702,54657,28873,31258
19660,30801,55295,31675,28835,65535,0,0,65535,0,0,0,0,0,0,65535,27692,54619,28866,31257
19660,30801,55295,31675,28835,65535,0,0,65535,0,0,0,0,0,0,65535,27682,54581,28859,31256
19660,30801,55295,31675,28835,65535,0,0,65535,0,0,0,0,0,0,65535,27672,54543,28851,31255
19660,30801,55295,31675,28835,65535,0,0,65535,0,0,0,0,0,0,65535,27662,54505,28844,31254
19660,30801,55295,31675,28835,65535,0,0,65535,0,0,0,0,0,0,65535,27652,54467,28837,31252
19660,30801,55295,31675,28835,65535,0,0,65475,0,0,0,0,0,0,65535,27642,54430,28829,31251
19660,30801,55295,31675,28835,65535,0,0,65345,0,0,0,0,0,0,65475,27606,54392,28822,31250
19660,30801,55295,31675,28835,65535,0,0,65145,0,0,0,0,0,0,65345,27542,54354,28815,31249
19660,30801,55295,31675,28835,65535,0,0,64875,0,0,0,0,0,0,65145,27448,54317,28808,31248
19660,30801,55295,31675,28835,65535,0,0,64525,0,0,0,0,0,0,64875,27324,54279,28800,31247
19660,30801,55295,31675,28835,65535,0,0,64105,0,0,0,0,0,0,64525,27167,54242,28793,31246
19660,30801,55295,31675,28835,65535,0,0,63615,0,0,0,0,0,0,64105,26980,54204,28786,31245
19660,30801,55295,31675,28835,65535,0,0,63055,0,0,0,0,0,0,63615,26764,54167,28779,31244
19660,30801,55295,31675,28835,65535,0,0,62425,0,0,0,0,0,0,63055,26519,54130,28772,31243
19660,30801,55295,31675,28835,65535,0,0,61734,0,0,0,0,0,0,62424,26245,54092,28766,31242
19660,30801,55295,31675,28835,65535,0,0,60973,0,0,0,0,0,0,61733,25945,54055,28759,31241
19660,30801,55295,31675,28835,65535,0,0,60152,0,0,0,0,0,0,60972,25616,54018,28753,31240
19660,30801,55295,31675,28835,65535,0,0,59262,0,0,0,0,0,0,60152,25262,53981,28746,31239
19660,30801,55295,31675,28835,65535,0,0,58312,0,0,0,0,0,0,59262,24880,53944,28740,31238
19660,30801,55295,31675,28835,65535,0,0,57302,0,0,0,0,0,0,58312,24472,53907,28734,31237
19660,30801,55295,31675,28835,65535,0,0,56242,0,0,0,0,0,0,57302,24040,53871,28729,31236
19660,30801,55295,31675,28835,65535,0,0,55122,0,0,0,0,0,0,56242,23587,53834,28723,31235
19660,30801,55295,31675,28835,65535,0,0,53952,0,0,0,0,0,0,55122,23109,53797,28718,31234
19660,30801,55295,31675,28835,65535,0,0,52732,0,0,0,0,0,0,53952,22610,53761,28713,31233
19660,30801,55295,31675,28835,65535,0,0,51472,0,0,0,0,0,0,52732,22091,53724,28709,31232
19660,30801,55295,31675,28835,65535,0,0,50162,0,0,0,0,0,0,51472,21556,53688,28704,31231
19660,30801,55295,31675,28835,65535,0,0,48812,0,0,0,0,0,0,50162,21000,53652,28700,31230
19660,30801,55295,31675,28835,65535,0,0,47422,0,0,0,0,0,0,48812,20427,53616,28696,31229
19660,30801,55295,31675,28835,65535,0,0,46002,0,0,0,0,0,0,47422,19839,53580,28693,31228
19660,30801,55295,31675,28835,65535,0,0,44552,0,0,0,0,0,0,46002,19238,53544,28690,31227
19660,30801,55295,31675,28835,65535,0,0,43072,2110,2702,0,0,0,0,44552,18626,53512,28687,31226
19660,30801,55295,31675,28835,65535,0,0,41561,7280,9325,0,0,0,0,43071,18003,53488,28684,31225
19660,30801,55295,31675,28835,65535,0,0,40031,15564,19937,0,0,0,0,41561,17369,53476,28682,31225
19660,30801,55295,31675,28835,65535,0,0,38491,27019,34609,0,0,0,0,40031,16731,53483,28681,31224
19660,30801,55295,31675,28835,65535,0,0,36931,41664,53368,0,0,0,0,38491,16092,53513,28679,31224
19660,30801,55295,31675,28835,65535,0,0,35361,59504,65535,0,0,0,0,36931,15448,53571,28678,31224
19660,30801,55295,31675,28835,65535,0,0,33781,65535,65535,0,0,0,0,35361,14801,53639,28677,31224
19660,30801,55295,31675,28835,65535,0,0,32201,65535,65535,0,0,0,0,33781,14149,53707,28677,31224
19660,30801,55295,31675,28835,65535,0,0,30621,65535,65535,0,0,0,0,32201,13496,53776,28677,31224
19660,30801,55295,31675,28835,65535,0,0,29050,65535,65535,0,0,0,0,30620,12843,53845,28678,31224
19660,30801,55295,31675,28835,65535,0,0,27480,65535,65535,0,0,0,0,29050,12192,53913,28678,31224
19660,30801,55295,31675,28835,65535,0,0,25930,65535,65535,0,0,0,0,27480,11540,53982,28680,31224
19660,30801,55295,31675,28835,65535,0,0,24390,65535,65535,0,0,0,0,25930,10897,54050,28681,31224
19660,30801,55295,31675,28835,65535,0,0,22870,65535,65535,0,0,0,0,24390,10256,54119,28683,31224
19660,30801,55295,31675,28835,65535,0,0,21370,65535,65535,0,0,0,0,22870,9623,54188,28685,31224
19660,30801,55295,31675,28835,65535,0,0,19899,65535,65535,0,0,0,0,21369,8998,54256,28688,31224
19660,30801,55295,31675,28835,65535,0,0,18459,65535,65535,0,0,0,0,19899,8384,54325,28691,31224
19660,30801,55295,31675,28835,65535,0,0,17059,65535,65535,0,0,0,0,18459,7783,54394,28695,31225
19660,30801,55295,31675,28835,65535,0,0,15689,65535,65535,0,0,0,0,17059,7197,54462,28698,31225
19660,30801,55295,31675,28835,65535,0,0,14369,65535,65535,0,0,0,0,15689,6623,54531,28703,31225
19660,30801,55295,31675,28835,65535,0,0,13089,65535,65535,0,0,0,0,14369,6070,54600,28707,31225
19660,30801,55295,31675,28835,65535,0,0,11859,65535,65535,0,0,0,0,13089,5533,54669,28712,31225
19660,30801,55295,31675,28835,65535,0,0,10679,65535,65535,0,0,0,0,11859,5016,54737,28717,31225
19660,30801,55295,31675,28835,65535,0,0,9548,65535,65535,0,0,0,0,10678,4520,54806,28722,31225
19660,30801,55295,31675,28835,65535,0,0,8478,65535,65535,0,0,0,0,9548,4041,54875,28728,31225
19660,30801,55295,31675,28835,65535,0,0,7468,65535,65535,0,0,0,0,8478,3593,54943,28734,31225
19660,30801,55295,31675,28835,65535,0,0,6518,65535,65535,0,0,0,0,7468,3167,55012,28740,31225
19660,30801,55295,31675,28835,65535,0,0,5638,65535,65535,0,0,0,0,6518,2766,55081,28747,31225
19660,30801,55295,31675,28835,65535,0,0,4828,65535,65535,0,0,0,0,5638,2394,55149,28754,31225
19660,30801,55295,31675,28835,65535,0,0,4088,65535,65535,0,0,0,0,4828,2051,55218,28761,31225
19660,30801,55295,31675,28835,65535,0,0,3418,65535,65535,0,0,0,0,4088,1738,55287,28768,31225
19660,30801,55295,31675,28835,65535,0,38399,2818,65535,65535,0,0,0,0,3418,1454,55355,28775,31225
19660,30801,55295,31675,28835,65535,0,65535,2298,65535,65535,0,0,38399,65535,2818,1199,55422,28783,31225
19660,30801,55295,31675,28835,65535,0,65535,1848,65535,65535,0,0,65535,65535,2298,977,55319,28790,31225
19660,30801,55295,31675,28835,65535,0,0,1478,65535,65535,0,0,65535,65535,1848,784,55097,28798,31225
19660,30801,55295,31675,28835,65535,0,0,1188,65535,65535,0,0,0,0,1478,626,54878,28806,31225
19660,30801,55295,31675,28835,65535,0,0,978,65535,65535,0,0,0,0,1188,503,54947,28814,31225
19660,30801,55295,31675,28835,65535,0,0,848,65535,65535,0,0,0,0,978,414,55016,28822,31225
19660,30801,55295,31675,28835,65535,0,0,748,65535,65535,0,0,0,0,798,338,55085,28830,31225
19660,30801,55295,31675,28835,65535,0,0,828,65535,65535,0,0,0,0,798,338,55154,28838,31225
19660,30801,55295,31675,28835,65535,0,0,938,65535,65535,0,0,0,0,828,351,55223,28846,31225
19660,30801,55295,31675,28835,65535,0,0,1318,65535,65535,0,0,0,0,1128,479,55292,28854,31225
19660,30801,55295,31675,28835,65535,0,65535,1668,65535,65535,0,0,42238,65535,1398,595,55361,28862,31225
19660,30801,55295,31675,28835,65535,0,65535,2098,65535,65535,0,0,65535,65535,1748,743,55428,28870,31225
19660,30801,55295,31675,28835,65535,0,65535,2608,65535,65535,0,0,65535,65535,2178,924,55308,28878,31225
19660,30801,55295,31675,28835,65535,0,0,3197,65535,65535,0,0,0,0,2687,1138,55086,28886,31225
19660,30801,55295,31675,28835,65535,0,0,3867,65535,65535,0,0,0,0,3277,1388,54867,28894,31225
19660,30801,55295,31675,28835,65535,0,0,4617,65535,65535,0,0,0,0,3947,1673,54936,28902,31225
19660,30801,55295,31675,28835,65535,0,0,5427,65535,65535,0,0,0,0,4687,1989,55005,28909,31225
19660,30801,55295,31675,28835,65535,0,0,6306,65535,65535,0,0,0,0,5496,2334,55074,28916,31225
19660,30801,55295,31675,28835,65535,0,0,7276,65535,65535,0,0,0,0,6386,2713,55142,28924,31225
19660,30801,55295,31675,28835,65535,0,0,8306,65535,65535,0,0,0,0,7346,3123,55211,28931,31225
19660,30801,55295,31675,28835,65535,0,0,9386,65535,65535,0,0,0,0,8366,3559,55280,28937,31226
19660,30801,55295,31675,28835,65535,0,33919,10546,65535,65535,0,0,0,0,9456,4025,55348,28944,31226
19660,30801,55295,31675,28835,65535,0,65535,11815,65535,65535,0,0,65535,65535,10605,4511,55331,28956,31226
19660,30801,55295,31675,28835,65535,0,0,13085,65535,65535,0,0,65535,65535,11815,5015,55108,28962,31226
19660,30801,55295,31675,28835,65535,0,0,14415,65535,65535,0,0,0,0,13085,5543,54889,28968,31226
19660,30801,55295,31675,28835,65535,0,0,15795,65535,65535,0,0,0,0,14415,6110,54957,28973,31226
19660,30801,55295,31675,28835,65535,0,0,17225,65535,65535,0,0,0,0,15795,6699,55026,28978,31226
19660,30801,55295,31675,28835,65535,0,0,18695,65535,65535,0,0,0,0,17225,7311,55094,28982,31226
19660,30801,55295,31675,28835,65535,0,0,20205,65535,65535,0,0,0,0,18695,7940,55162,28986,31226
19660,30801,55295,31675,28835,65535,0,0,21755,65535,65535,0,0,0,0,20205,8587,55230,28990,31226
19660,30801,55295,31675,28835,65535,0,1920,23344,65535,65535,0,0,0,0,21754,9251,55298,28994,31226
19660,30801,55295,31675,28835,65535,0,47358,24964,65535,65535,0,0,1919,6896,23344,9933,55366,28997,31226
19660,30801,55295,31675,28835,65535,0,65535,26614,65535,65535,0,0,47358,65535,24964,10628,55423,29000,31226
19660,30801,55295,31675,28835,65535,0,55295,28284,65535,65535,0,0,65535,65535,26614,11316,55279,29002,31226
19660,30801,55295,31675,28835,65535,0,0,29974,65535,65535,0,0,55295,65535,28284,12001,55055,29004,31226
19660,30801,55295,31675,28835,65535,0,0,31684,65535,65535,0,0,0,0,29974,12697,54880,29006,31226
19660,30801,55295,31675,28835,65535,0,0,33404,65535,65535,0,0,0,0,31684,13429,54948,29007,31226
19660,30801,55295,31675,28835,65535,0,0,35134,65535,65535,0,0,0,0,33404,14167,55015,29008,31226
19660,30801,55295,31675,28835,65535,0,0,36864,65535,65535,0,0,0,0,35134,14911,55083,29008,31226
19660,30801,55295,31675,28835,65535,0,0,38594,65535,65535,0,0,0,0,36864,15655,55150,29008,31226
19660,30801,55295,31675,28835,65535,0,0,40314,65535,65535,0,0,0,0,38594,16400,55217,29007,31226
19660,30801,55295,31675,28835,65535,0,0,42034,65535,65535,0,0,0,0,40314,17141,55284,29007,31226
19660,30801,55295,31675,28835,65535,0,35199,43733,65535,65535,0,0,0,0,42033,17884,55350,29005,31226
19660,30801,55295,31675,28835,65535,0,65535,45422,65535,65535,0,0,35199,65535,43732,18618,55415,29004,31226
19660,30801,55295,31675,28835,65535,0,65535,47092,65535,65535,0,0,65535,65535,45422,19321,55324,29002,31226
19660,30801,55295,31675,28835,65535,0,0,48732,65535,65535,0,0,65535,65535,47092,19990,55099,28999,31226
19660,30801,55295,31675,28835,65535,0,0,50342,63885,65535,0,0,0,0,48732,20642,54875,28996,31226
19660,30801,55295,31675,28835,65535,0,0,51922,58975,65535,0,0,0,0,50342,21335,54932,28993,31226
19660,30801,55295,31675,28835,65535,0,0,53462,50600,64814,0,0,0,0,51922,22013,54975,28989,31226
19660,30801,55295,31675,28835,65535,0,0,54962,38835,49744,0,0,0,0,53462,22671,55000,28985,31225
19660,30801,55295,31675,28835,65535,0,0,56422,23780,30460,0,0,0,0,54962,23308,55000,28981,31225
19660,30801,55295,31675,28835,65535,0,0,57832,5540,7096,0,0,0,0,56422,23921,54973,28976,31224
19660,30801,55295,31675,28835,65535,0,0,59192,0,0,0,0,0,0,57832,24510,54935,28971,31223
19660,30801,55295,31675,28835,65535,0,0,60502,0,0,0,0,0,0,59192,25077,54897,28966,31222
19660,30801,55295,31675,28835,65535,0,0,61751,0,0,0,0,0,0,60501,25623,54859,28960,31221
19660,30801,55295,31675,28835,65535,0,0,62940,0,0,0,0,0,0,61750,26143,54822,28954,31220
19660,30801,55295,31675,28835,65535,0,0,64060,0,0,0,0,0,0,62940,26637,54784,28947,31219
19660,30801,55295,31675,28835,65535,0,0,65120,0,0,0,0,0,0,64060,27101,54746,28941,31218
19660,30801,55295,31675,28835,65535,0,0,65535,0,0,0,0,0,0,65120,27539,54708,28934,31217
19660,30801,55295,31675,28835,65535,0,0,65535,0,0,0,0,0,0,65535,27705,54670,28927,31216
19660,30801,55295,31675,28835,65535,0,0,65535,0,0,0,0,0,0,65535,27695,54632,28919,31215
19660,30801,55295,31675,28835,65535,0,0,65535,0,0,0,0,0,0,65535,27685,54594,28912,31214
19660,30801,55295,31675,28835,65535,0,0,65535,0,0,0,0,0,0,65535,27675,54556,28905,31213
19660,30801,55295,31675,28835,65535,0,0,65535,0,0,0,0,0,0,65535,27665,54518,28897,31211
19660,30801,55295,31675,28835,65535,0,0,65535,0,0,0,0,0,0,65535,27655,54480,28890,31210
19660,30801,55295,31675,28835,65535,0,0,65535,0,0,0,0,0,0,65535,27645,54443,28883,31209
19660,30801,55295,31675,28835,0,0,0,65535,0,0,0,0,0,0,65535,27635,54405,28876,31208
19660,30801,55295,31675,28835,65535,0,0,65535,0,0,0,0,0,0,65535,27625,54367,28868,31207
19660,30801,55295,31675,28835,65535,0,0,65535,0,0,0,0,0,0,65535,27615,54330,28861,31206
19660,30801,55295,31675,28835,65535,0,0,65535,0,0,0,0,0,0,65535,27605,54292,28854,31205
19660,30801,55295,31675,28835,65535,0,0,65535,0,0,0,0,0,0,65535,27595,54255,28846,31204
19660,30801,55295,31675,28835,65535,0,0,65535,0,0,0,0,0,0,65535,27586,54217,28839,31203
19660,30801,55295,31675,28835,65535,0,0,65505,0,0,0,0,0,0,65535,27576,54180,28832,31202
19660,30801,55295,31675,28835,65535,0,0,65395,0,0,0,0,0,0,65505,27553,54142,28824,31201
19660,30801,55295,31675,28835,65535,0,0,65215,0,0,0,0,0,0,65395,27497,54105,28817,31200
19660,30801,55295,31675,28835,65535,0,0,64965,0,0,0,0,0,0,65215,27412,54068,28810,31199
19660,30801,55295,31675,28835,65535,0,0,64645,0,0,0,0,0,0,64965,27297,54030,28803,31198
19660,30801,55295,31675,28835,65535,0,0,64245,0,0,0,0,0,0,64645,27152,53993,28795,31197
19660,30801,55295,31675,28835,65535,0,0,63775,0,0,0,0,0,0,64245,26975,53956,28788,31196
19660,30801,55295,31675,28835,65535,0,0,63235,0,0,0,0,0,0,63775,26768,53919,28781,31195
